file,split,pattern,retention,seed,channel,unit,removed,mae,rmse,gaps,absolute_error_sum,squared_error_sum
V300_Case1_CutFre20.xls,train,random,1.0,0,acceleration,m/s^2,0,,,0,0.0,0.0
V300_Case1_CutFre20.xls,train,random,1.0,0,uplift,m,0,,,0,0.0,0.0
V300_Case1_CutFre20.xls,train,random,0.8,0,acceleration,m/s^2,2784,0.016228437072209993,0.026130636740998515,2224,45.17996880903262,1.9009435313482201
V300_Case1_CutFre20.xls,train,random,0.8,0,uplift,m,2784,2.2971963925692687e-06,3.675651738470981e-06,2224,0.006395394756912844,3.761299731582889e-08
V300_Case1_CutFre20.xls,train,random,0.6,0,acceleration,m/s^2,5568,0.029822341613248343,0.05714147211963212,3345,166.05079810256677,18.180343150840734
V300_Case1_CutFre20.xls,train,random,0.6,0,uplift,m,5568,4.065332417788182e-06,7.334098515182186e-06,3345,0.022635770902244598,2.9949715773725357e-07
V300_Case1_CutFre20.xls,train,bursty,1.0,0,acceleration,m/s^2,0,,,0,0.0,0.0
V300_Case1_CutFre20.xls,train,bursty,1.0,0,uplift,m,0,,,0,0.0,0.0
V300_Case1_CutFre20.xls,train,bursty,0.8,0,acceleration,m/s^2,2784,0.15239871881987405,0.20383260687894608,348,424.27803319452937,115.66888484975446
V300_Case1_CutFre20.xls,train,bursty,0.8,0,uplift,m,2784,2.1312463976153425e-05,2.838028938640737e-05,348,0.059333899709611136,2.2423472586269355e-06
V300_Case1_CutFre20.xls,train,bursty,0.6,0,acceleration,m/s^2,5568,0.1497398579743829,0.20263003216552916,696,833.7515292013641,228.61612188032603
V300_Case1_CutFre20.xls,train,bursty,0.6,0,uplift,m,5568,2.139398105413716e-05,2.8756819445658668e-05,696,0.11912168650943569,4.6044835726610235e-06
V300_Case2_CutFre20.xls,train,random,1.0,0,acceleration,m/s^2,0,,,0,0.0,0.0
V300_Case2_CutFre20.xls,train,random,1.0,0,uplift,m,0,,,0,0.0,0.0
V300_Case2_CutFre20.xls,train,random,0.8,0,acceleration,m/s^2,2506,0.015274674415990471,0.02289568398739887,2011,38.27833408647212,1.3136761371985877
V300_Case2_CutFre20.xls,train,random,0.8,0,uplift,m,2506,2.210823837900254e-06,3.180066092845861e-06,2011,0.005540324537778037,2.5342727809299065e-08
V300_Case2_CutFre20.xls,train,random,0.6,0,acceleration,m/s^2,5012,0.027422266793543287,0.045609375455296565,3011,137.44040116923895,10.426038228664108
V300_Case2_CutFre20.xls,train,random,0.6,0,uplift,m,5012,4.095099486398464e-06,6.6208119907878235e-06,3011,0.0205246386258291,2.1970177890380743e-07
V300_Case2_CutFre20.xls,train,bursty,1.0,0,acceleration,m/s^2,0,,,0,0.0,0.0
V300_Case2_CutFre20.xls,train,bursty,1.0,0,uplift,m,0,,,0,0.0,0.0
V300_Case2_CutFre20.xls,train,bursty,0.8,0,acceleration,m/s^2,2506,0.15453557568257043,0.2065401396136307,314,387.26615266052147,106.90302615467486
V300_Case2_CutFre20.xls,train,bursty,0.8,0,uplift,m,2506,2.303598565570813e-05,2.9590881332530647e-05,314,0.05772818005320457,2.1943043666379923e-06
V300_Case2_CutFre20.xls,train,bursty,0.6,0,acceleration,m/s^2,5012,0.15505983816603514,0.21235119674233868,627,777.1599088881682,226.006270158612
V300_Case2_CutFre20.xls,train,bursty,0.6,0,uplift,m,5012,2.291854432525635e-05,2.9582818108363568e-05,627,0.11486774415818482,4.386217353689407e-06
V300_Case3_CutFre20.xls,train,random,1.0,0,acceleration,m/s^2,0,,,0,0.0,0.0
V300_Case3_CutFre20.xls,train,random,1.0,0,uplift,m,0,,,0,0.0,0.0
V300_Case3_CutFre20.xls,train,random,0.8,0,acceleration,m/s^2,3063,0.014485746431666125,0.0227683214352498,2452,44.369841320193345,1.5878483599782345
V300_Case3_CutFre20.xls,train,random,0.8,0,uplift,m,3063,2.304895558789333e-06,3.827929417106244e-06,2452,0.007059895096571726,4.4882272615249924e-08
V300_Case3_CutFre20.xls,train,random,0.6,0,acceleration,m/s^2,6125,0.024450627225800818,0.0423288515195324,3695,149.76009175803,10.97435648464605
V300_Case3_CutFre20.xls,train,random,0.6,0,uplift,m,6125,3.923397459215491e-06,6.7295408697849755e-06,3695,0.02403080943769488,2.7738116194840123e-07
V300_Case3_CutFre20.xls,train,bursty,1.0,0,acceleration,m/s^2,0,,,0,0.0,0.0
V300_Case3_CutFre20.xls,train,bursty,1.0,0,uplift,m,0,,,0,0.0,0.0
V300_Case3_CutFre20.xls,train,bursty,0.8,0,acceleration,m/s^2,3063,0.12877840484200312,0.17394769028085807,383,394.44825403105557,92.67963819624083
V300_Case3_CutFre20.xls,train,bursty,0.8,0,uplift,m,3063,2.113636542113652e-05,2.75656785101242e-05,383,0.06474068728494116,2.327471492969151e-06
V300_Case3_CutFre20.xls,train,bursty,0.6,0,acceleration,m/s^2,6125,0.13809503956621258,0.18515844881339266,766,845.832117343052,209.9873633977632
V300_Case3_CutFre20.xls,train,bursty,0.6,0,uplift,m,6125,2.163202915554007e-05,2.8388218272171598e-05,766,0.13249617857768292,4.936081987094302e-06
V300_Case4_CutFre20.xls,train,random,1.0,0,acceleration,m/s^2,0,,,0,0.0,0.0
V300_Case4_CutFre20.xls,train,random,1.0,0,uplift,m,0,,,0,0.0,0.0
V300_Case4_CutFre20.xls,train,random,0.8,0,acceleration,m/s^2,3063,0.01573973106283952,0.02443839510692032,2453,48.210796245477454,1.829331280996164
V300_Case4_CutFre20.xls,train,random,0.8,0,uplift,m,3063,2.5667518103765295e-06,3.843189686812486e-06,2453,0.00786196079518331,4.5240837645501335e-08
V300_Case4_CutFre20.xls,train,random,0.6,0,acceleration,m/s^2,6125,0.02874165315528762,0.058868826983322714,3709,176.04262557613666,21.226425091153352
V300_Case4_CutFre20.xls,train,random,0.6,0,uplift,m,6125,4.545091168715487e-06,8.226851636820874e-06,3709,0.02783868340838236,4.1454666310735664e-07
V300_Case4_CutFre20.xls,train,bursty,1.0,0,acceleration,m/s^2,0,,,0,0.0,0.0
V300_Case4_CutFre20.xls,train,bursty,1.0,0,uplift,m,0,,,0,0.0,0.0
V300_Case4_CutFre20.xls,train,bursty,0.8,0,acceleration,m/s^2,3063,0.1429787644514029,0.19696567356008313,383,437.94395551464703,118.83054470627326
V300_Case4_CutFre20.xls,train,bursty,0.8,0,uplift,m,3063,2.40100329971171e-05,3.167002354966512e-05,383,0.07354273107016968,3.07215956958212e-06
V300_Case4_CutFre20.xls,train,bursty,0.6,0,acceleration,m/s^2,6125,0.14243282599373658,0.1945126765835341,766,872.4010592116365,231.74048577910457
V300_Case4_CutFre20.xls,train,bursty,0.6,0,uplift,m,6125,2.3430966451076957e-05,3.084356738825052e-05,766,0.14351466951284636,5.8268696015555005e-06
V300_Case5_CutFre20.xls,validation,random,1.0,0,acceleration,m/s^2,0,,,0,0.0,0.0
V300_Case5_CutFre20.xls,validation,random,1.0,0,uplift,m,0,,,0,0.0,0.0
V300_Case5_CutFre20.xls,validation,random,0.8,0,acceleration,m/s^2,3063,0.016457971876934468,0.023291875863384104,2431,50.410767859050274,1.6617126670237086
V300_Case5_CutFre20.xls,validation,random,0.8,0,uplift,m,3063,2.479214484485263e-06,3.540372149992517e-06,2431,0.007593833965978361,3.83923616838358e-08
V300_Case5_CutFre20.xls,validation,random,0.6,0,acceleration,m/s^2,6125,0.02777467759077912,0.04519149179037361,3682,170.11990024352212,12.508909447716356
V300_Case5_CutFre20.xls,validation,random,0.6,0,uplift,m,6125,4.435875928433793e-06,7.70300102283178e-06,3682,0.027169740061656983,3.6343437664120305e-07
V300_Case5_CutFre20.xls,validation,bursty,1.0,0,acceleration,m/s^2,0,,,0,0.0,0.0
V300_Case5_CutFre20.xls,validation,bursty,1.0,0,uplift,m,0,,,0,0.0,0.0
V300_Case5_CutFre20.xls,validation,bursty,0.8,0,acceleration,m/s^2,3063,0.1496761638759964,0.19635537255605745,383,458.4580899521769,118.09528923177695
V300_Case5_CutFre20.xls,validation,bursty,0.8,0,uplift,m,3063,2.2648030089615702e-05,3.0269334115637183e-05,383,0.0693709161644929,2.8064204164438883e-06
V300_Case5_CutFre20.xls,validation,bursty,0.6,0,acceleration,m/s^2,6125,0.15815133819809105,0.2098911029760782,766,968.6769464633077,269.8324350396523
V300_Case5_CutFre20.xls,validation,bursty,0.6,0,uplift,m,6125,2.3925283608729748e-05,3.179381479070498e-05,766,0.14654236210346971,6.191435786042111e-06
V300_Case6_CutFre20.xls,validation,random,1.0,0,acceleration,m/s^2,0,,,0,0.0,0.0
V300_Case6_CutFre20.xls,validation,random,1.0,0,uplift,m,0,,,0,0.0,0.0
V300_Case6_CutFre20.xls,validation,random,0.8,0,acceleration,m/s^2,2784,0.01863416509445552,0.027411618608047996,2198,51.87751562296417,2.0918887878412233
V300_Case6_CutFre20.xls,validation,random,0.8,0,uplift,m,2784,2.634582993774354e-06,3.841471666240822e-06,2198,0.007334679054667802,4.108322230208642e-08
V300_Case6_CutFre20.xls,validation,random,0.6,0,acceleration,m/s^2,5568,0.03380923145437062,0.05770477498706027,3287,188.2498007379356,18.540555001518804
V300_Case6_CutFre20.xls,validation,random,0.6,0,uplift,m,5568,4.800158459299452e-06,8.353253771453265e-06,3287,0.02672728230137935,3.8851749283942034e-07
V300_Case6_CutFre20.xls,validation,bursty,1.0,0,acceleration,m/s^2,0,,,0,0.0,0.0
V300_Case6_CutFre20.xls,validation,bursty,1.0,0,uplift,m,0,,,0,0.0,0.0
V300_Case6_CutFre20.xls,validation,bursty,0.8,0,acceleration,m/s^2,2784,0.179359474862959,0.22252219263177497,348,499.33677801847784,137.8528953788093
V300_Case6_CutFre20.xls,validation,bursty,0.8,0,uplift,m,2784,2.560809626190753e-05,3.2071871306837496e-05,348,0.07129293999315056,2.863636122676613e-06
V300_Case6_CutFre20.xls,validation,bursty,0.6,0,acceleration,m/s^2,5568,0.16818254888380044,0.2153844373600883,696,936.4404321850009,258.30205821134064
V300_Case6_CutFre20.xls,validation,bursty,0.6,0,uplift,m,5568,2.3073290592743913e-05,2.9574865051288297e-05,696,0.12847208202039812,4.8701772751210565e-06
V300_Case7_CutFre20.xls,test,random,1.0,0,acceleration,m/s^2,0,,,0,0.0,0.0
V300_Case7_CutFre20.xls,test,random,1.0,0,uplift,m,0,,,0,0.0,0.0
V300_Case7_CutFre20.xls,test,random,0.8,0,acceleration,m/s^2,2506,0.021827535528134143,0.03240849984195026,1997,54.699804033504165,2.63207902018626
V300_Case7_CutFre20.xls,test,random,0.8,0,uplift,m,2506,2.2232034834443334e-06,3.3139419340905864e-06,1997,0.0055713479295115,2.7521421123165288e-08
V300_Case7_CutFre20.xls,test,random,0.6,0,acceleration,m/s^2,5012,0.03863044475933884,0.06628809127989463,3005,193.6157891338063,22.02328456020459
V300_Case7_CutFre20.xls,test,random,0.6,0,uplift,m,5012,3.955288736573859e-06,6.850334891287371e-06,3005,0.01982390714770818,2.3519856567141925e-07
V300_Case7_CutFre20.xls,test,bursty,1.0,0,acceleration,m/s^2,0,,,0,0.0,0.0
V300_Case7_CutFre20.xls,test,bursty,1.0,0,uplift,m,0,,,0,0.0,0.0
V300_Case7_CutFre20.xls,test,bursty,0.8,0,acceleration,m/s^2,2506,0.20538726595059517,0.27368606282856844,314,514.7004884721915,187.70957683242744
V300_Case7_CutFre20.xls,test,bursty,0.8,0,uplift,m,2506,2.1610471349664664e-05,2.9410947561145963e-05,314,0.05415584120225964,2.167699614129861e-06
V300_Case7_CutFre20.xls,test,bursty,0.6,0,acceleration,m/s^2,5012,0.19943670568171434,0.2603468462451056,627,999.5767688767523,339.71576751306065
V300_Case7_CutFre20.xls,test,bursty,0.6,0,uplift,m,5012,2.068715643360871e-05,2.7425985653150718e-05,627,0.10368402804524685,3.769949661502707e-06
V300_Case8_CutFre20.xls,test,random,1.0,0,acceleration,m/s^2,0,,,0,0.0,0.0
V300_Case8_CutFre20.xls,test,random,1.0,0,uplift,m,0,,,0,0.0,0.0
V300_Case8_CutFre20.xls,test,random,0.8,0,acceleration,m/s^2,2784,0.018670504047700126,0.02712403697801576,2237,51.978683268797155,2.048226055445589
V300_Case8_CutFre20.xls,test,random,0.8,0,uplift,m,2784,2.5039128370257152e-06,3.7302997812026455e-06,2237,0.006970893338279591,3.8739739898071163e-08
V300_Case8_CutFre20.xls,test,random,0.6,0,acceleration,m/s^2,5568,0.03310437779579902,0.05586382987456146,3379,184.32517556700896,17.37643337459797
V300_Case8_CutFre20.xls,test,random,0.6,0,uplift,m,5568,4.322116540884867e-06,6.981843644433691e-06,3379,0.02406554489964694,2.714185112801769e-07
V300_Case8_CutFre20.xls,test,bursty,1.0,0,acceleration,m/s^2,0,,,0,0.0,0.0
V300_Case8_CutFre20.xls,test,bursty,1.0,0,uplift,m,0,,,0,0.0,0.0
V300_Case8_CutFre20.xls,test,bursty,0.8,0,acceleration,m/s^2,2784,0.17881422626059046,0.2311861619278574,348,497.81880590948384,148.7965634439429
V300_Case8_CutFre20.xls,test,bursty,0.8,0,uplift,m,2784,2.287213682674384e-05,2.9346571671693026e-05,348,0.06367602892565485,2.3976400125669746e-06
V300_Case8_CutFre20.xls,test,bursty,0.6,0,acceleration,m/s^2,5568,0.1801931000049514,0.2306761821239637,696,1003.3151808275693,296.28163756403603
V300_Case8_CutFre20.xls,test,bursty,0.6,0,uplift,m,5568,2.2974359033026078e-05,2.9037323087737235e-05,696,0.1279212310958892,4.69474902354192e-06
V350_Case1_CutFre20.xls,train,random,1.0,0,acceleration,m/s^2,0,,,0,0.0,0.0
V350_Case1_CutFre20.xls,train,random,1.0,0,uplift,m,0,,,0,0.0,0.0
V350_Case1_CutFre20.xls,train,random,0.8,0,acceleration,m/s^2,2387,0.02135304030969571,0.031013441659445494,1907,50.96970721924366,2.2958967162268604
V350_Case1_CutFre20.xls,train,random,0.8,0,uplift,m,2387,2.6244371995811673e-06,3.694238709884901e-06,1907,0.006264531595400247,3.2576342954075985e-08
V350_Case1_CutFre20.xls,train,random,0.6,0,acceleration,m/s^2,4773,0.03787728831315116,0.062355060457275145,2825,180.78829711867047,18.558156963981084
V350_Case1_CutFre20.xls,train,random,0.6,0,uplift,m,4773,4.5468237493202326e-06,7.069824937311313e-06,2825,0.02170198975550547,2.385661128269046e-07
V350_Case1_CutFre20.xls,train,bursty,1.0,0,acceleration,m/s^2,0,,,0,0.0,0.0
V350_Case1_CutFre20.xls,train,bursty,1.0,0,uplift,m,0,,,0,0.0,0.0
V350_Case1_CutFre20.xls,train,bursty,0.8,0,acceleration,m/s^2,2387,0.20953008130583914,0.2741898018704472,299,500.148304077038,179.45477326256542
V350_Case1_CutFre20.xls,train,bursty,0.8,0,uplift,m,2387,2.5538550753296645e-05,3.20903720021243e-05,299,0.06096052064811909,2.458113444885284e-06
V350_Case1_CutFre20.xls,train,bursty,0.6,0,acceleration,m/s^2,4773,0.20291153050741784,0.26952586984546095,597,968.4967351119053,346.73074042464054
V350_Case1_CutFre20.xls,train,bursty,0.6,0,uplift,m,4773,2.506955691333156e-05,3.223048381634286e-05,597,0.11965699514733152,4.958211907420628e-06
V350_Case2_CutFre20.xls,train,random,1.0,0,acceleration,m/s^2,0,,,0,0.0,0.0
V350_Case2_CutFre20.xls,train,random,1.0,0,uplift,m,0,,,0,0.0,0.0
V350_Case2_CutFre20.xls,train,random,0.8,0,acceleration,m/s^2,2148,0.03077985511480434,0.05497972244873088,1699,66.11512878659973,6.492909703398808
V350_Case2_CutFre20.xls,train,random,0.8,0,uplift,m,2148,3.4974517744223003e-06,5.497096861251512e-06,1699,0.0075125264114591014,6.490842274145567e-08
V350_Case2_CutFre20.xls,train,random,0.6,0,acceleration,m/s^2,4296,0.05080002943315262,0.09469794433200925,2560,218.23692644482367,38.52524203840295
V350_Case2_CutFre20.xls,train,random,0.6,0,uplift,m,4296,6.06980835372605e-06,1.0792635387021268e-05,2560,0.02607589668760711,5.004022840535013e-07
V350_Case2_CutFre20.xls,train,bursty,1.0,0,acceleration,m/s^2,0,,,0,0.0,0.0
V350_Case2_CutFre20.xls,train,bursty,1.0,0,uplift,m,0,,,0,0.0,0.0
V350_Case2_CutFre20.xls,train,bursty,0.8,0,acceleration,m/s^2,2148,0.27127205133807786,0.364720544521264,269,582.6923662741913,285.729270379966
V350_Case2_CutFre20.xls,train,bursty,0.8,0,uplift,m,2148,3.1050672369898936e-05,4.0204798761674164e-05,269,0.06669684425054291,3.472082711766507e-06
V350_Case2_CutFre20.xls,train,bursty,0.6,0,acceleration,m/s^2,4296,0.2674592050403063,0.3520959482324141,537,1149.004744853156,532.5818078481893
V350_Case2_CutFre20.xls,train,bursty,0.6,0,uplift,m,4296,3.145816487462826e-05,3.9241342385235e-05,537,0.13514427630140302,6.615337162630753e-06
V350_Case3_CutFre20.xls,train,random,1.0,0,acceleration,m/s^2,0,,,0,0.0,0.0
V350_Case3_CutFre20.xls,train,random,1.0,0,uplift,m,0,,,0,0.0,0.0
V350_Case3_CutFre20.xls,train,random,0.8,0,acceleration,m/s^2,2625,0.02310533734979728,0.03476608994251877,2071,60.65151054321787,3.172787650964676
V350_Case3_CutFre20.xls,train,random,0.8,0,uplift,m,2625,3.3137102505801585e-06,4.9603498103505656e-06,2071,0.008698489407772916,6.458830938274284e-08
V350_Case3_CutFre20.xls,train,random,0.6,0,acceleration,m/s^2,5250,0.04279712698780245,0.07618798126456482,3104,224.68491668596286,30.474194568140817
V350_Case3_CutFre20.xls,train,random,0.6,0,uplift,m,5250,6.1358747555145285e-06,1.119092291264757e-05,3104,0.03221334246645127,6.574929670933069e-07
V350_Case3_CutFre20.xls,train,bursty,1.0,0,acceleration,m/s^2,0,,,0,0.0,0.0
V350_Case3_CutFre20.xls,train,bursty,1.0,0,uplift,m,0,,,0,0.0,0.0
V350_Case3_CutFre20.xls,train,bursty,0.8,0,acceleration,m/s^2,2625,0.21626239328084781,0.28099482975846474,329,567.6887823622255,207.26499767134504
V350_Case3_CutFre20.xls,train,bursty,0.8,0,uplift,m,2625,3.0389951304399445e-05,3.895980966078473e-05,329,0.07977362217404854,3.984400268112011e-06
V350_Case3_CutFre20.xls,train,bursty,0.6,0,acceleration,m/s^2,5250,0.21422114065871245,0.28532338608740543,657,1124.6609884582404,427.3995319040088
V350_Case3_CutFre20.xls,train,bursty,0.6,0,uplift,m,5250,3.0404054894686502e-05,3.979718338063363e-05,657,0.15962128819710414,8.315032976416852e-06
V350_Case4_CutFre20.xls,train,random,1.0,0,acceleration,m/s^2,0,,,0,0.0,0.0
V350_Case4_CutFre20.xls,train,random,1.0,0,uplift,m,0,,,0,0.0,0.0
V350_Case4_CutFre20.xls,train,random,0.8,0,acceleration,m/s^2,2625,0.02183180294485193,0.030614086716495275,2135,57.308482730236314,2.4602085518983676
V350_Case4_CutFre20.xls,train,random,0.8,0,uplift,m,2625,2.8568466292548387e-06,3.993997525881524e-06,2135,0.007499222401793952,4.187404262146281e-08
V350_Case4_CutFre20.xls,train,random,0.6,0,acceleration,m/s^2,5250,0.040682667091274084,0.07278560478632166,3160,213.58400222918894,27.813157386580706
V350_Case4_CutFre20.xls,train,random,0.6,0,uplift,m,5250,5.491717282979688e-06,9.842278498667e-06,3160,0.02883151573564336,5.085698417379445e-07
V350_Case4_CutFre20.xls,train,bursty,1.0,0,acceleration,m/s^2,0,,,0,0.0,0.0
V350_Case4_CutFre20.xls,train,bursty,1.0,0,uplift,m,0,,,0,0.0,0.0
V350_Case4_CutFre20.xls,train,bursty,0.8,0,acceleration,m/s^2,2625,0.21041036145310743,0.2735181346341521,329,552.327198814407,196.38194618108363
V350_Case4_CutFre20.xls,train,bursty,0.8,0,uplift,m,2625,2.806189389957733e-05,3.566306561703431e-05,329,0.07366247148639049,3.3386174041628486e-06
V350_Case4_CutFre20.xls,train,bursty,0.6,0,acceleration,m/s^2,5250,0.21294441360948335,0.2732667168524449,657,1117.9581714497876,392.04216733140004
V350_Case4_CutFre20.xls,train,bursty,0.6,0,uplift,m,5250,2.8565723958926457e-05,3.6489122444790976e-05,657,0.1499700507843639,6.990144298152478e-06
V350_Case5_CutFre20.xls,validation,random,1.0,0,acceleration,m/s^2,0,,,0,0.0,0.0
V350_Case5_CutFre20.xls,validation,random,1.0,0,uplift,m,0,,,0,0.0,0.0
V350_Case5_CutFre20.xls,validation,random,0.8,0,acceleration,m/s^2,2625,0.022828794131644067,0.035020948633187436,2080,59.925584595565674,3.219475463316927
V350_Case5_CutFre20.xls,validation,random,0.8,0,uplift,m,2625,3.145888421952823e-06,4.868106670743023e-06,2080,0.008257957107626161,6.220846421404839e-08
V350_Case5_CutFre20.xls,validation,random,0.6,0,acceleration,m/s^2,5250,0.041041403741424815,0.07628549442178371,3111,215.46736964248026,30.552252460673966
V350_Case5_CutFre20.xls,validation,random,0.6,0,uplift,m,5250,5.607285332427829e-06,9.849559274767914e-06,3111,0.0294382479952461,5.093225440126248e-07
V350_Case5_CutFre20.xls,validation,bursty,1.0,0,acceleration,m/s^2,0,,,0,0.0,0.0
V350_Case5_CutFre20.xls,validation,bursty,1.0,0,uplift,m,0,,,0,0.0,0.0
V350_Case5_CutFre20.xls,validation,bursty,0.8,0,acceleration,m/s^2,2625,0.204295381087726,0.2763858169803272,329,536.2753753552807,200.5214395481927
V350_Case5_CutFre20.xls,validation,bursty,0.8,0,uplift,m,2625,2.796459035609467e-05,3.6483917322143596e-05,329,0.07340704968474851,3.49407508581865e-06
V350_Case5_CutFre20.xls,validation,bursty,0.6,0,acceleration,m/s^2,5250,0.20316366899668703,0.2770831842075304,657,1066.6092622326069,403.0692275955672
V350_Case5_CutFre20.xls,validation,bursty,0.6,0,uplift,m,5250,2.7689707104086057e-05,3.628732807165773e-05,657,0.1453709622964518,6.913043437545624e-06
V350_Case6_CutFre20.xls,validation,random,1.0,0,acceleration,m/s^2,0,,,0,0.0,0.0
V350_Case6_CutFre20.xls,validation,random,1.0,0,uplift,m,0,,,0,0.0,0.0
V350_Case6_CutFre20.xls,validation,random,0.8,0,acceleration,m/s^2,2387,0.02647006270181599,0.03876974433640302,1904,63.184039669234764,3.587883172197298
V350_Case6_CutFre20.xls,validation,random,0.8,0,uplift,m,2387,3.007398314511874e-06,4.587049411198123e-06,1904,0.007178659776739843,5.022492023194525e-08
V350_Case6_CutFre20.xls,validation,random,0.6,0,acceleration,m/s^2,4773,0.04979788748816966,0.08820271298484819,2859,237.6853169810338,37.132596772257074
V350_Case6_CutFre20.xls,validation,random,0.6,0,uplift,m,4773,5.606725408836035e-06,1.0174309843323307e-05,2859,0.026760900376374394,4.940846401008641e-07
V350_Case6_CutFre20.xls,validation,bursty,1.0,0,acceleration,m/s^2,0,,,0,0.0,0.0
V350_Case6_CutFre20.xls,validation,bursty,1.0,0,uplift,m,0,,,0,0.0,0.0
V350_Case6_CutFre20.xls,validation,bursty,0.8,0,acceleration,m/s^2,2387,0.24766751454777827,0.3236418806824555,299,591.1823572255468,250.02408776591238
V350_Case6_CutFre20.xls,validation,bursty,0.8,0,uplift,m,2387,2.7231965281643097e-05,3.595959258045107e-05,299,0.06500270112728207,3.086611316643699e-06
V350_Case6_CutFre20.xls,validation,bursty,0.6,0,acceleration,m/s^2,4773,0.2572110035968489,0.3362710243023299,597,1227.6681201677598,539.722257121419
V350_Case6_CutFre20.xls,validation,bursty,0.6,0,uplift,m,4773,2.842765623161344e-05,3.685648107190418e-05,597,0.13568520319349095,6.4836441402983314e-06
V350_Case7_CutFre20.xls,test,random,1.0,0,acceleration,m/s^2,0,,,0,0.0,0.0
V350_Case7_CutFre20.xls,test,random,1.0,0,uplift,m,0,,,0,0.0,0.0
V350_Case7_CutFre20.xls,test,random,0.8,0,acceleration,m/s^2,2148,0.02846598250386937,0.03993643715405496,1732,61.14493041831141,3.425886038978411
V350_Case7_CutFre20.xls,test,random,0.8,0,uplift,m,2148,2.904558665091143e-06,3.982528358585599e-06,1732,0.006238992012615775,3.4068423008663907e-08
V350_Case7_CutFre20.xls,test,random,0.6,0,acceleration,m/s^2,4296,0.04996823346887997,0.07990573153990636,2594,214.66353098230834,27.429641807856907
V350_Case7_CutFre20.xls,test,random,0.6,0,uplift,m,4296,5.129423390092768e-06,8.280879923407033e-06,2594,0.02203600288383853,2.9458948902608485e-07
V350_Case7_CutFre20.xls,test,bursty,1.0,0,acceleration,m/s^2,0,,,0,0.0,0.0
V350_Case7_CutFre20.xls,test,bursty,1.0,0,uplift,m,0,,,0,0.0,0.0
V350_Case7_CutFre20.xls,test,bursty,0.8,0,acceleration,m/s^2,2148,0.2693180766526817,0.35259613044814136,269,578.4952286499603,267.04801903264183
V350_Case7_CutFre20.xls,test,bursty,0.8,0,uplift,m,2148,2.750824365779023e-05,3.5888425907003194e-05,269,0.05908770737693342,2.7665791370491202e-06
V350_Case7_CutFre20.xls,test,bursty,0.6,0,acceleration,m/s^2,4296,0.26344407249726376,0.34238900484620177,537,1131.755735448245,503.6210708276029
V350_Case7_CutFre20.xls,test,bursty,0.6,0,uplift,m,4296,2.6976025836024808e-05,3.516616443351812e-05,537,0.11588900699156257,5.312687583666649e-06
V350_Case8_CutFre20.xls,test,random,1.0,0,acceleration,m/s^2,0,,,0,0.0,0.0
V350_Case8_CutFre20.xls,test,random,1.0,0,uplift,m,0,,,0,0.0,0.0
V350_Case8_CutFre20.xls,test,random,0.8,0,acceleration,m/s^2,2387,0.027388609782422475,0.038661487484546474,1908,65.37661155064245,3.567874236853854
V350_Case8_CutFre20.xls,test,random,0.8,0,uplift,m,2387,2.9550800436732824e-06,4.1915685771890125e-06,1908,0.007053776064248125,4.1937792916683356e-08
V350_Case8_CutFre20.xls,test,random,0.6,0,acceleration,m/s^2,4773,0.04874869684801035,0.0797564039659404,2852,232.6775300555534,30.361453805889106
V350_Case8_CutFre20.xls,test,random,0.6,0,uplift,m,4773,5.391759619319866e-06,8.768115350292923e-06,2852,0.02573486866301372,3.6694750875751025e-07
V350_Case8_CutFre20.xls,test,bursty,1.0,0,acceleration,m/s^2,0,,,0,0.0,0.0
V350_Case8_CutFre20.xls,test,bursty,1.0,0,uplift,m,0,,,0,0.0,0.0
V350_Case8_CutFre20.xls,test,bursty,0.8,0,acceleration,m/s^2,2387,0.25953047123409473,0.3378751358338372,299,619.4992348357841,272.4989828989699
V350_Case8_CutFre20.xls,test,bursty,0.8,0,uplift,m,2387,2.7039696272370692e-05,3.5211718701389504e-05,299,0.06454375500214884,2.959558074633105e-06
V350_Case8_CutFre20.xls,test,bursty,0.6,0,acceleration,m/s^2,4773,0.27111850815791516,0.35352796905083206,597,1294.048639437729,596.5392048534566
V350_Case8_CutFre20.xls,test,bursty,0.6,0,uplift,m,4773,2.879974442694417e-05,3.791209765694027e-05,597,0.13746118014980452,6.860362480980772e-06
V380_Case1_CutFre20.xls,train,random,1.0,0,acceleration,m/s^2,0,,,0,0.0,0.0
V380_Case1_CutFre20.xls,train,random,1.0,0,uplift,m,0,,,0,0.0,0.0
V380_Case1_CutFre20.xls,train,random,0.8,0,acceleration,m/s^2,2198,0.04358706984090164,0.0652784824516754,1776,95.8043795103018,9.366294036083739
V380_Case1_CutFre20.xls,train,random,0.8,0,uplift,m,2198,4.5234201627414925e-06,6.371456542142976e-06,1776,0.0099424775177058,8.922881771357953e-08
V380_Case1_CutFre20.xls,train,random,0.6,0,acceleration,m/s^2,4396,0.08017404470692105,0.13448058367800964,2640,352.4451005316249,79.50178039051835
V380_Case1_CutFre20.xls,train,random,0.6,0,uplift,m,4396,8.408880114189993e-06,1.3541001101322817e-05,2640,0.03696543698197921,8.060448927912092e-07
V380_Case1_CutFre20.xls,train,bursty,1.0,0,acceleration,m/s^2,0,,,0,0.0,0.0
V380_Case1_CutFre20.xls,train,bursty,1.0,0,uplift,m,0,,,0,0.0,0.0
V380_Case1_CutFre20.xls,train,bursty,0.8,0,acceleration,m/s^2,2198,0.41801981060623544,0.5516220918438376,275,918.8075437125055,668.8226769979563
V380_Case1_CutFre20.xls,train,bursty,0.8,0,uplift,m,2198,4.250782654172519e-05,5.304021528655077e-05,275,0.09343220273871197,6.183555233940751e-06
V380_Case1_CutFre20.xls,train,bursty,0.6,0,acceleration,m/s^2,4396,0.4187123015865232,0.5489021569380947,550,1840.6592777743558,1324.4865684101233
V380_Case1_CutFre20.xls,train,bursty,0.6,0,uplift,m,4396,4.30196272129217e-05,5.404049726694871e-05,550,0.18911428122800378,1.2837970016000564e-05
V380_Case2_CutFre20.xls,train,random,1.0,0,acceleration,m/s^2,0,,,0,0.0,0.0
V380_Case2_CutFre20.xls,train,random,1.0,0,uplift,m,0,,,0,0.0,0.0
V380_Case2_CutFre20.xls,train,random,0.8,0,acceleration,m/s^2,1978,0.05106288740836507,0.07471469535575868,1575,101.00239129374611,11.041761118761372
V380_Case2_CutFre20.xls,train,random,0.8,0,uplift,m,1978,4.46195710809048e-06,6.2805456542046e-06,1575,0.00882575115980297,7.80227118473765e-08
V380_Case2_CutFre20.xls,train,random,0.6,0,acceleration,m/s^2,3957,0.09709083616456629,0.19716680792168095,2397,384.1884387031888,153.82738632782105
V380_Case2_CutFre20.xls,train,random,0.6,0,uplift,m,3957,8.236955477148614e-06,1.5950490951759035e-05,2397,0.03259363282307706,1.0067326654596952e-06
V380_Case2_CutFre20.xls,train,bursty,1.0,0,acceleration,m/s^2,0,,,0,0.0,0.0
V380_Case2_CutFre20.xls,train,bursty,1.0,0,uplift,m,0,,,0,0.0,0.0
V380_Case2_CutFre20.xls,train,bursty,0.8,0,acceleration,m/s^2,1978,0.4906172403154998,0.6512246165828642,248,970.4409013440586,838.8569454596401
V380_Case2_CutFre20.xls,train,bursty,0.8,0,uplift,m,1978,4.1617748526209275e-05,5.4026147378639255e-05,248,0.08231990658484195,5.773435059944173e-06
V380_Case2_CutFre20.xls,train,bursty,0.6,0,acceleration,m/s^2,3957,0.4632259636996884,0.6160781271818224,495,1832.985138359667,1501.888288039397
V380_Case2_CutFre20.xls,train,bursty,0.6,0,uplift,m,3957,3.9850096813784873e-05,5.124340960427774e-05,495,0.15768683309214673,1.039063496928865e-05
V380_Case3_CutFre20.xls,train,random,1.0,0,acceleration,m/s^2,0,,,0,0.0,0.0
V380_Case3_CutFre20.xls,train,random,1.0,0,uplift,m,0,,,0,0.0,0.0
V380_Case3_CutFre20.xls,train,random,0.8,0,acceleration,m/s^2,2418,0.045556034063826294,0.06984991558212528,1939,110.15449036633197,11.797447889115006
V380_Case3_CutFre20.xls,train,random,0.8,0,uplift,m,2418,5.580988658606713e-06,8.32016848902128e-06,1939,0.013494830576511033,1.67386542512029e-07
V380_Case3_CutFre20.xls,train,random,0.6,0,acceleration,m/s^2,4836,0.07985648688359506,0.1315716058377791,2893,386.1859705690657,83.71641896977152
V380_Case3_CutFre20.xls,train,random,0.6,0,uplift,m,4836,9.71388834459037e-06,1.5644282109277133e-05,2893,0.04697636403443903,1.1835798692880405e-06
V380_Case3_CutFre20.xls,train,bursty,1.0,0,acceleration,m/s^2,0,,,0,0.0,0.0
V380_Case3_CutFre20.xls,train,bursty,1.0,0,uplift,m,0,,,0,0.0,0.0
V380_Case3_CutFre20.xls,train,bursty,0.8,0,acceleration,m/s^2,2418,0.4079555437689175,0.5134933533340721,303,986.4365048332426,637.5671750343772
V380_Case3_CutFre20.xls,train,bursty,0.8,0,uplift,m,2418,5.0645951876974697e-05,6.311799908591651e-05,303,0.12246191163852481,9.633026213218395e-06
V380_Case3_CutFre20.xls,train,bursty,0.6,0,acceleration,m/s^2,4836,0.426893719982626,0.5400628915121616,605,2064.4580298359792,1410.5060939490736
V380_Case3_CutFre20.xls,train,bursty,0.6,0,uplift,m,4836,5.118886822102014e-05,6.385153160477315e-05,605,0.2475493667168534,1.9716459474899567e-05
V380_Case4_CutFre20.xls,train,random,1.0,0,acceleration,m/s^2,0,,,0,0.0,0.0
V380_Case4_CutFre20.xls,train,random,1.0,0,uplift,m,0,,,0,0.0,0.0
V380_Case4_CutFre20.xls,train,random,0.8,0,acceleration,m/s^2,2418,0.03882106376498442,0.05535434841846211,1933,93.86933218373233,7.409003203196981
V380_Case4_CutFre20.xls,train,random,0.8,0,uplift,m,2418,4.1759372502879424e-06,6.09713179345617e-06,1933,0.010097416271196244,8.988918894617965e-08
V380_Case4_CutFre20.xls,train,random,0.6,0,acceleration,m/s^2,4836,0.06903442024209888,0.11789761695912193,2917,333.8504562907902,67.21966533731825
V380_Case4_CutFre20.xls,train,random,0.6,0,uplift,m,4836,7.5769484995959056e-06,1.3560901581308981e-05,2917,0.0366421229440458,8.893309780112786e-07
V380_Case4_CutFre20.xls,train,bursty,1.0,0,acceleration,m/s^2,0,,,0,0.0,0.0
V380_Case4_CutFre20.xls,train,bursty,1.0,0,uplift,m,0,,,0,0.0,0.0
V380_Case4_CutFre20.xls,train,bursty,0.8,0,acceleration,m/s^2,2418,0.36961493361739745,0.4638097727881152,303,893.728909486867,520.158963897039
V380_Case4_CutFre20.xls,train,bursty,0.8,0,uplift,m,2418,4.0776702345410255e-05,5.208717982369528e-05,303,0.09859806627120199,6.560213662202072e-06
V380_Case4_CutFre20.xls,train,bursty,0.6,0,acceleration,m/s^2,4836,0.35216824526012164,0.4498366192790959,605,1703.0856340779483,978.5790308389422
V380_Case4_CutFre20.xls,train,bursty,0.6,0,uplift,m,4836,3.7571591046405066e-05,4.908847260777989e-05,605,0.18169621430041488,1.1653203499377565e-05
V380_Case5_CutFre20.xls,validation,random,1.0,0,acceleration,m/s^2,0,,,0,0.0,0.0
V380_Case5_CutFre20.xls,validation,random,1.0,0,uplift,m,0,,,0,0.0,0.0
V380_Case5_CutFre20.xls,validation,random,0.8,0,acceleration,m/s^2,2418,0.02961010373997275,0.04255024635014545,1915,71.59723084325411,4.377845737059603
V380_Case5_CutFre20.xls,validation,random,0.8,0,uplift,m,2418,3.362504629965312e-06,4.842679757761235e-06,1915,0.008130536195256124,5.670584121720513e-08
V380_Case5_CutFre20.xls,validation,random,0.6,0,acceleration,m/s^2,4836,0.052405427939363945,0.09055648082615525,2930,253.43264951476405,39.6575029980718
V380_Case5_CutFre20.xls,validation,random,0.6,0,uplift,m,4836,5.9101741389316504e-06,1.0086977804587017e-05,2930,0.028581602135873463,4.920490782693977e-07
V380_Case5_CutFre20.xls,validation,bursty,1.0,0,acceleration,m/s^2,0,,,0,0.0,0.0
V380_Case5_CutFre20.xls,validation,bursty,1.0,0,uplift,m,0,,,0,0.0,0.0
V380_Case5_CutFre20.xls,validation,bursty,0.8,0,acceleration,m/s^2,2418,0.25929514635074347,0.3411556086332059,303,626.9756638760977,281.4241270119776
V380_Case5_CutFre20.xls,validation,bursty,0.8,0,uplift,m,2418,3.002803294679063e-05,3.825523483743685e-05,303,0.07260778366533974,3.538653515786274e-06
V380_Case5_CutFre20.xls,validation,bursty,0.6,0,acceleration,m/s^2,4836,0.27844774110448484,0.3684299505768927,605,1346.5732759812886,656.441679339395
V380_Case5_CutFre20.xls,validation,bursty,0.6,0,uplift,m,4836,3.229351586758896e-05,4.1342075615919686e-05,605,0.1561714427356602,8.265532657699989e-06
V380_Case6_CutFre20.xls,validation,random,1.0,0,acceleration,m/s^2,0,,,0,0.0,0.0
V380_Case6_CutFre20.xls,validation,random,1.0,0,uplift,m,0,,,0,0.0,0.0
V380_Case6_CutFre20.xls,validation,random,0.8,0,acceleration,m/s^2,2198,0.039367322294342255,0.05624602015529127,1752,86.52937440296428,6.953625293714131
V380_Case6_CutFre20.xls,validation,random,0.8,0,uplift,m,2198,3.632589555964785e-06,5.197554788202672e-06,1752,0.007984431844010598,5.937803755645801e-08
V380_Case6_CutFre20.xls,validation,random,0.6,0,acceleration,m/s^2,4396,0.07077913745401711,0.11731068181322413,2628,311.14508824785923,60.49685551265753
V380_Case6_CutFre20.xls,validation,random,0.6,0,uplift,m,4396,6.467805098213419e-06,1.0673449829523022e-05,2628,0.02843247121174619,5.008034474336648e-07
V380_Case6_CutFre20.xls,validation,bursty,1.0,0,acceleration,m/s^2,0,,,0,0.0,0.0
V380_Case6_CutFre20.xls,validation,bursty,1.0,0,uplift,m,0,,,0,0.0,0.0
V380_Case6_CutFre20.xls,validation,bursty,0.8,0,acceleration,m/s^2,2198,0.3596689693181823,0.4712006936481772,275,790.5523945613647,488.0221459405623
V380_Case6_CutFre20.xls,validation,bursty,0.8,0,uplift,m,2198,3.382456924285919e-05,4.398652841006615e-05,275,0.0743464031958045,4.2527226700898865e-06
V380_Case6_CutFre20.xls,validation,bursty,0.6,0,acceleration,m/s^2,4396,0.37611587508085526,0.482108407670358,550,1653.4053868554397,1021.7557596173859
V380_Case6_CutFre20.xls,validation,bursty,0.6,0,uplift,m,4396,3.498342922386457e-05,4.4907925454539326e-05,550,0.15378715486810865,8.865508894899508e-06
V380_Case7_CutFre20.xls,test,random,1.0,0,acceleration,m/s^2,0,,,0,0.0,0.0
V380_Case7_CutFre20.xls,test,random,1.0,0,uplift,m,0,,,0,0.0,0.0
V380_Case7_CutFre20.xls,test,random,0.8,0,acceleration,m/s^2,1978,0.04001883033013007,0.061356332672544096,1579,79.15724639299728,7.446377927749277
V380_Case7_CutFre20.xls,test,random,0.8,0,uplift,m,1978,3.3624511442947385e-06,4.99271713731785e-06,1579,0.006650928363414993,4.930604988944282e-08
V380_Case7_CutFre20.xls,test,random,0.6,0,acceleration,m/s^2,3957,0.07332628348831609,0.13765816040425186,2325,290.1521037632668,74.98423643111799
V380_Case7_CutFre20.xls,test,random,0.6,0,uplift,m,3957,6.346521330315553e-06,1.1816221840541037e-05,2325,0.025113184904058644,5.524886011003663e-07
V380_Case7_CutFre20.xls,test,bursty,1.0,0,acceleration,m/s^2,0,,,0,0.0,0.0
V380_Case7_CutFre20.xls,test,bursty,1.0,0,uplift,m,0,,,0,0.0,0.0
V380_Case7_CutFre20.xls,test,bursty,0.8,0,acceleration,m/s^2,1978,0.3428797104542942,0.45402222673427656,248,678.216067278594,407.7373687253891
V380_Case7_CutFre20.xls,test,bursty,0.8,0,uplift,m,1978,2.9704686639861064e-05,3.9026198616490566e-05,248,0.05875587017364518,3.012581384981557e-06
V380_Case7_CutFre20.xls,test,bursty,0.6,0,acceleration,m/s^2,3957,0.3499880343716678,0.45024394269429907,495,1384.9026520086895,802.161488590514
V380_Case7_CutFre20.xls,test,bursty,0.6,0,uplift,m,3957,3.0406411781747196e-05,3.913210636605839e-05,495,0.12031817142037365,6.059440159386316e-06
V380_Case8_CutFre20.xls,test,random,1.0,0,acceleration,m/s^2,0,,,0,0.0,0.0
V380_Case8_CutFre20.xls,test,random,1.0,0,uplift,m,0,,,0,0.0,0.0
V380_Case8_CutFre20.xls,test,random,0.8,0,acceleration,m/s^2,2198,0.03291784619233169,0.04985360921790147,1774,72.35342593074506,5.462870409808604
V380_Case8_CutFre20.xls,test,random,0.8,0,uplift,m,2198,3.1547411098472654e-06,4.5087916087288185e-06,1774,0.00693412095944429,4.46835854925336e-08
V380_Case8_CutFre20.xls,test,random,0.6,0,acceleration,m/s^2,4396,0.05983215506972376,0.1095043947953564,2648,263.02215368650565,52.71337005987003
V380_Case8_CutFre20.xls,test,random,0.6,0,uplift,m,4396,5.608141396436465e-06,9.312329057021873e-06,2648,0.024653389578734697,3.8121880096165213e-07
V380_Case8_CutFre20.xls,test,bursty,1.0,0,acceleration,m/s^2,0,,,0,0.0,0.0
V380_Case8_CutFre20.xls,test,bursty,1.0,0,uplift,m,0,,,0,0.0,0.0
V380_Case8_CutFre20.xls,test,bursty,0.8,0,acceleration,m/s^2,2198,0.31976244585155167,0.41645430559763996,275,702.8378559817106,381.2083466544858
V380_Case8_CutFre20.xls,test,bursty,0.8,0,uplift,m,2198,3.1422704240986434e-05,3.9497681632583905e-05,275,0.06906710392168819,3.4290269458590053e-06
V380_Case8_CutFre20.xls,test,bursty,0.6,0,acceleration,m/s^2,4396,0.3085508148790444,0.4135703920930064,550,1356.3893822082791,751.8939026733735
V380_Case8_CutFre20.xls,test,bursty,0.6,0,uplift,m,4396,3.039854745616928e-05,3.955292779328248e-05,550,0.13363201461732016,6.877252290502634e-06
