pattern,retention,seed,split,channel,unit,gap_length_samples,removed,gaps,absolute_error_sum,squared_error_sum,mae,rmse
bursty,0.6,0,all,acceleration,m/s^2,2,6,3,0.10540956797300843,0.0033360002581033117,0.01756826132883474,0.02357965315727139
bursty,0.6,0,all,acceleration,m/s^2,4,32,8,4.366211067194272,0.9929619270685143,0.136444095849821,0.1761535132232425
bursty,0.6,0,all,acceleration,m/s^2,5,40,8,4.733680377604117,1.037561442835072,0.11834200944010294,0.16105600290233454
bursty,0.6,0,all,acceleration,m/s^2,8,119296,14912,29490.609816245156,14247.867099538224,0.24720535320752712,0.3455906521247206
bursty,0.6,0,all,uplift,m,2,6,3,7.92840971089448e-06,1.3102450898022717e-11,1.3214016184824133e-06,1.4777489016531597e-06
bursty,0.6,0,all,uplift,m,4,32,8,0.0003957014436139217,6.6047217354915325e-09,1.2365670112935052e-05,1.436654287691059e-05
bursty,0.6,0,all,uplift,m,5,40,8,0.000427584435277871,8.105411455445543e-09,1.0689610881946775e-05,1.4235002156169088e-05
bursty,0.6,0,all,uplift,m,8,119296,14912,3.454543209774945,0.00017637970697473307,2.8957745521852745e-05,3.8451330096653694e-05
bursty,0.6,0,test,acceleration,m/s^2,4,8,2,0.5648625863536156,0.043007706442465946,0.07060782329420195,0.07332096088642212
bursty,0.6,0,test,acceleration,m/s^2,5,10,2,1.8087987265316674,0.4132587801794325,0.18087987265316674,0.20328767305949286
bursty,0.6,0,test,acceleration,m/s^2,8,27984,3498,7167.6146974943795,3289.756805535422,0.256132600682332,0.3428680369527676
bursty,0.6,0,test,uplift,m,4,8,2,7.362832852282619e-05,1.02168224878816e-09,9.203541065353274e-06,1.1300897358109222e-05
bursty,0.6,0,test,uplift,m,5,10,2,0.00016474876321048715,3.859159288911644e-09,1.6474876321048714e-05,1.9644743034490534e-05
bursty,0.6,0,test,uplift,m,8,27984,3498,0.7386672552284637,3.3569560358043295e-05,2.6396056862080605e-05,3.463521841571429e-05
bursty,0.6,0,train,acceleration,m/s^2,2,4,2,0.08167778695095462,0.003054318163004395,0.020419446737738656,0.02763294303455748
bursty,0.6,0,train,acceleration,m/s^2,4,16,4,1.7792212007552388,0.4073071799357858,0.11120132504720243,0.15955155513496763
bursty,0.6,0,train,acceleration,m/s^2,5,20,4,1.9018107610279014,0.47853590343180835,0.09509053805139507,0.15468288583935333
bursty,0.6,0,train,acceleration,m/s^2,8,60384,7548,15126.690624816525,7809.675572560051,0.2505082575651915,0.3596297053675874
bursty,0.6,0,train,uplift,m,2,4,2,6.871763651036811e-06,1.2543955003065597e-11,1.7179409127592027e-06,1.7708723135128629e-06
bursty,0.6,0,train,uplift,m,4,16,4,0.000184866490289759,2.8400244510952496e-09,1.1554155643109937e-05,1.3322969946429104e-05
bursty,0.6,0,train,uplift,m,5,20,4,0.00018958609265536802,3.542470279432561e-09,9.479304632768401e-06,1.3308775825432933e-05
bursty,0.6,0,train,uplift,m,8,60384,7548,1.850058260179175,0.00010122425178050175,3.063821973004728e-05,4.094315904353973e-05
bursty,0.6,0,validation,acceleration,m/s^2,2,2,1,0.02373178102205381,0.0002816820950989169,0.011865890511026905,0.011867647094072963
bursty,0.6,0,validation,acceleration,m/s^2,4,8,2,2.0221272800854178,0.5426470406902626,0.2527659100106772,0.2604436217039742
bursty,0.6,0,validation,acceleration,m/s^2,5,10,2,1.0230708900445489,0.1457667592238309,0.10230708900445488,0.12073390543829471
bursty,0.6,0,validation,acceleration,m/s^2,8,30928,3866,7196.304493934252,3148.434721442751,0.23267927101442873,0.3190593148608392
bursty,0.6,0,validation,uplift,m,2,2,1,1.0566460598576688e-06,5.58495894957119e-13,5.283230299288344e-07,5.284391615678757e-07
bursty,0.6,0,validation,uplift,m,4,8,2,0.0001372066248013365,2.7430150356081227e-09,1.7150828100167062e-05,1.8516934936727928e-05
bursty,0.6,0,validation,uplift,m,5,10,2,7.324957941201582e-05,7.037818871013378e-10,7.324957941201582e-06,8.389170919115535e-06
bursty,0.6,0,validation,uplift,m,8,30928,3866,0.8658176943673063,4.158589483618801e-05,2.7994622813221233e-05,3.666883456676974e-05
bursty,0.8,0,all,acceleration,m/s^2,1,3,3,0.0357061041318012,0.0004677270526462153,0.011902034710600399,0.012486353252600954
bursty,0.8,0,all,acceleration,m/s^2,2,14,7,0.47113308177596025,0.020753570651044273,0.03365236298399716,0.038501920778657515
bursty,0.8,0,all,acceleration,m/s^2,3,9,3,0.24048405865775718,0.008674953869695304,0.026720450961973022,0.03104647747006862
bursty,0.8,0,all,acceleration,m/s^2,4,8,2,0.6121297679845915,0.05861240521846861,0.07651622099807394,0.0855952723712506
bursty,0.8,0,all,acceleration,m/s^2,6,18,3,1.877399901094667,0.31522590272892914,0.10429999450525927,0.1323349921661205
bursty,0.8,0,all,acceleration,m/s^2,7,21,3,1.6177072586800212,0.27097560890548616,0.07703367898476292,0.11359401579339806
bursty,0.8,0,all,acceleration,m/s^2,8,59616,7452,14705.700686249633,7108.582975087578,0.24667372326639883,0.34531075253946303
bursty,0.8,0,all,uplift,m,1,3,3,3.460472617025645e-06,5.141626198493881e-12,1.1534908723418817e-06,1.3091506404909864e-06
bursty,0.8,0,all,uplift,m,2,14,7,5.715739563760813e-05,3.8291640571636045e-10,4.08267111697201e-06,5.229834781031126e-06
bursty,0.8,0,all,uplift,m,3,9,3,3.217508431362093e-05,1.6366043923593573e-10,3.575009368180103e-06,4.264327994940974e-06
bursty,0.8,0,all,uplift,m,4,8,2,8.353191310189745e-05,1.0068673263318894e-09,1.0441489137737181e-05,1.1218663725751218e-05
bursty,0.8,0,all,uplift,m,6,18,3,0.00030015054707187294,6.87259447509404e-09,1.667503039288183e-05,1.9539979635912908e-05
bursty,0.8,0,all,uplift,m,7,21,3,0.00041077459736174604,1.0280427220256353e-08,1.95606951124641e-05,2.2125644698980876e-05
bursty,0.8,0,all,uplift,m,8,59616,7452,1.7276778943333528,8.799621937523405e-05,2.8980104239354416e-05,3.841940107130038e-05
bursty,0.8,0,test,acceleration,m/s^2,2,4,2,0.13679493823481614,0.004706685817681468,0.034198734558704036,0.03430264500618527
bursty,0.8,0,test,acceleration,m/s^2,3,3,1,0.07154679046069473,0.0017542503492144904,0.02384893015356491,0.024181606985575425
bursty,0.8,0,test,acceleration,m/s^2,4,4,1,0.17167432258349324,0.0080507428386507,0.04291858064587331,0.044862965903545375
bursty,0.8,0,test,acceleration,m/s^2,6,6,1,0.07956655395271772,0.0011658643009036223,0.013261092325452953,0.013939537898268737
bursty,0.8,0,test,acceleration,m/s^2,8,13984,1748,3591.1080985224926,1664.9831800445506,0.25680120841837045,0.3450557092831629
bursty,0.8,0,test,uplift,m,2,4,2,1.5575655857309745e-05,6.204117980557097e-11,3.893913964327436e-06,3.938311180111691e-06
bursty,0.8,0,test,uplift,m,3,3,1,1.3567807074094107e-06,8.228318829160891e-13,4.522602358031369e-07,5.237148979219162e-07
bursty,0.8,0,test,uplift,m,4,4,1,2.8235034017234928e-05,2.1105000513850124e-10,7.058758504308732e-06,7.263780096108727e-06
bursty,0.8,0,test,uplift,m,6,6,1,8.693740645678016e-05,1.3513275207531982e-09,1.4489567742796694e-05,1.5007373303108922e-05
bursty,0.8,0,test,uplift,m,8,13984,1748,0.3691542017252914,1.6731459927682043e-05,2.6398326782415e-05,3.459005170205327e-05
bursty,0.8,0,train,acceleration,m/s^2,1,2,2,0.02862669615975011,0.0004176090354114748,0.014313348079875055,0.01445006981663886
bursty,0.8,0,train,acceleration,m/s^2,2,8,4,0.3048797460679721,0.015612256061598575,0.03810996825849651,0.04417614749726171
bursty,0.8,0,train,acceleration,m/s^2,3,3,1,0.029552523674655884,0.00030532936153769596,0.009850841224885295,0.010088431684156792
bursty,0.8,0,train,acceleration,m/s^2,4,4,1,0.44045544540109827,0.05056166237981791,0.11011386135027457,0.11242960284086427
bursty,0.8,0,train,acceleration,m/s^2,6,6,1,0.6471959683388349,0.07511384603484994,0.10786599472313914,0.11188822252204052
bursty,0.8,0,train,acceleration,m/s^2,7,14,2,1.545937289441905,0.27015447056336744,0.11042409210299321,0.13891273482796093
bursty,0.8,0,train,acceleration,m/s^2,8,30176,3772,7613.210258636205,3967.9066776174795,0.25229355310963036,0.36261844326088
bursty,0.8,0,train,uplift,m,1,2,2,2.7504389394500395e-06,4.637478375202341e-12,1.3752194697250197e-06,1.5227406829795974e-06
bursty,0.8,0,train,uplift,m,2,8,4,3.9869739799670845e-05,3.194083141426016e-10,4.983717474958856e-06,6.318705505704882e-06
bursty,0.8,0,train,uplift,m,3,3,1,1.4124252582362051e-05,6.799846636716844e-11,4.7080841941206835e-06,4.7608985975047625e-06
bursty,0.8,0,train,uplift,m,4,4,1,5.529687908466252e-05,7.958173211933882e-10,1.382421977116563e-05,1.4105117167125804e-05
bursty,0.8,0,train,uplift,m,6,6,1,0.00016973718051270514,5.16140499308714e-09,2.828953008545086e-05,2.9329748814378265e-05
bursty,0.8,0,train,uplift,m,7,14,2,0.00019658424970830923,3.180184394231242e-09,1.4041732122022088e-05,1.5071696260188314e-05
bursty,0.8,0,train,uplift,m,8,30176,3772,0.9327726811696812,5.123019723508084e-05,3.091107771638657e-05,4.1203316893275914e-05
bursty,0.8,0,validation,acceleration,m/s^2,1,1,1,0.007079407972051088,5.01180172347405e-05,0.007079407972051088,0.007079407972051088
bursty,0.8,0,validation,acceleration,m/s^2,2,2,1,0.029458397473172027,0.00043462877176422983,0.014729198736586013,0.014741586952635558
bursty,0.8,0,validation,acceleration,m/s^2,3,3,1,0.13938474452240657,0.006615374158943118,0.04646158150746885,0.046958755516385925
bursty,0.8,0,validation,acceleration,m/s^2,6,6,1,1.1506373788031143,0.23894619239317558,0.19177289646718573,0.19956043044366936
bursty,0.8,0,validation,acceleration,m/s^2,7,7,1,0.07176996923811618,0.0008211383421187298,0.010252852748302312,0.01083076532132115
bursty,0.8,0,validation,acceleration,m/s^2,8,15456,1932,3501.382329090936,1475.6931174255478,0.2265387117683059,0.30899359082496775
bursty,0.8,0,validation,uplift,m,1,1,1,7.100336775756055e-07,5.04147823291539e-13,7.100336775756055e-07,7.100336775756055e-07
bursty,0.8,0,validation,uplift,m,2,2,1,1.7119999806275432e-06,1.4669117681879286e-12,8.559999903137716e-07,8.564203898168027e-07
bursty,0.8,0,validation,uplift,m,3,3,1,1.6694051023849465e-05,9.48391409858512e-11,5.5646836746164885e-06,5.622548087414081e-06
bursty,0.8,0,validation,uplift,m,6,6,1,4.3475960102387634e-05,3.598619612537014e-10,7.245993350397939e-06,7.744481489569433e-06
bursty,0.8,0,validation,uplift,m,7,7,1,0.0002141903476534368,7.100242826025113e-09,3.059862109334811e-05,3.184839719229012e-05
bursty,0.8,0,validation,uplift,m,8,15456,1932,0.4257510114383804,2.0034562212471156e-05,2.7546002292855874e-05,3.600322245583577e-05
random,0.6,0,all,acceleration,m/s^2,1,43013,43013,723.1720039661253,21.78436315012682,0.016812870619722534,0.022504665754159884
random,0.6,0,all,acceleration,m/s^2,2,34124,17062,1143.16699269831,67.53833312332841,0.03350038074956951,0.04448823767719469
random,0.6,0,all,acceleration,m/s^2,3,20571,6857,1176.933017515744,123.67432343165342,0.05721321362674367,0.07753754915792602
random,0.6,0,all,acceleration,m/s^2,4,10980,2745,932.7101801152332,150.8832667576028,0.08494628234200667,0.11722476455164962
random,0.6,0,all,acceleration,m/s^2,5,5480,1096,627.4145502275063,134.51590447113335,0.11449170624589532,0.15667385836888112
random,0.6,0,all,acceleration,m/s^2,6,2790,465,444.2201624506595,142.2386393871353,0.15921869621887436,0.22579103431754038
random,0.6,0,all,acceleration,m/s^2,7,1414,202,296.88969870394027,128.09655580728636,0.20996442624041037,0.3009844242250528
random,0.6,0,all,acceleration,m/s^2,8,512,64,137.99248657330062,76.3921022481834,0.2695165753384778,0.38626846195810915
random,0.6,0,all,acceleration,m/s^2,9,342,38,135.69385810764766,105.1462164274419,0.3967656669814259,0.5544773009539903
random,0.6,0,all,acceleration,m/s^2,10,90,9,42.70341849242959,26.463237112136465,0.4744824276936621,0.5422508348657726
random,0.6,0,all,acceleration,m/s^2,11,22,2,9.956632080294858,5.650279886675859,0.4525741854679481,0.5067848694858714
random,0.6,0,all,acceleration,m/s^2,12,36,3,6.961432804141091,1.8370353675669984,0.19337313344836363,0.22589546301374536
random,0.6,0,all,uplift,m,1,43013,43013,0.08459501235308575,2.683814243999319e-07,1.966731275500099e-06,2.497907544570781e-06
random,0.6,0,all,uplift,m,2,34124,17062,0.13388908905027164,8.385850387461965e-07,3.923604766448002e-06,4.957281582211149e-06
random,0.6,0,all,uplift,m,3,20571,6857,0.13768695462096142,1.5113556128871257e-06,6.6932552924486615e-06,8.571476317166984e-06
random,0.6,0,all,uplift,m,4,10980,2745,0.1090533377653213,1.8288053875387838e-06,9.931997974983726e-06,1.2905730034273836e-05
random,0.6,0,all,uplift,m,5,5480,1096,0.07434978356491477,1.6867676399035749e-06,1.3567478752721673e-05,1.7544352762385316e-05
random,0.6,0,all,uplift,m,6,2790,465,0.052343951673821575,1.688895398900698e-06,1.876127300136974e-05,2.460363494796206e-05
random,0.6,0,all,uplift,m,7,1414,202,0.034008392392611025,1.376474565647775e-06,2.405119688303467e-05,3.120034460205479e-05
random,0.6,0,all,uplift,m,8,512,64,0.017039693474654498,9.394053884793558e-07,3.3280651317684566e-05,4.2834287076753615e-05
random,0.6,0,all,uplift,m,9,342,38,0.015193465729225912,1.1776098983990646e-06,4.442533838954945e-05,5.86796710666351e-05
random,0.6,0,all,uplift,m,10,90,9,0.005114989225344493,3.905892428807878e-07,5.683321361493882e-05,6.587776921278679e-05
random,0.6,0,all,uplift,m,11,22,2,0.0012505798874346136,9.84450647146303e-08,5.684454033793698e-05,6.689376405052142e-05
random,0.6,0,all,uplift,m,12,36,3,0.0010420962245294638,4.6604766555160294e-08,2.894711734804066e-05,3.598022858118681e-05
random,0.6,0,test,acceleration,m/s^2,1,10086,10086,177.0626638076146,5.073929870125559,0.017555290879200335,0.022429146531489537
random,0.6,0,test,acceleration,m/s^2,2,8042,4021,288.3561064001255,17.126040312187712,0.03585626789357442,0.046147315972580996
random,0.6,0,test,acceleration,m/s^2,3,4851,1617,285.2756343045695,28.86073306288426,0.05880759313637796,0.07713261257250532
random,0.6,0,test,acceleration,m/s^2,4,2636,659,232.07186384627835,36.00268809962548,0.0880394020661147,0.1168677710505695
random,0.6,0,test,acceleration,m/s^2,5,1195,239,149.03222012281486,32.33170286685814,0.12471315491448942,0.1644865292315029
random,0.6,0,test,acceleration,m/s^2,6,660,110,120.08813406563306,42.61642128229472,0.18195171828126222,0.2541069366943849
random,0.6,0,test,acceleration,m/s^2,7,350,50,74.70588573563481,31.370004771224632,0.21344538781609945,0.2993803351268112
random,0.6,0,test,acceleration,m/s^2,8,80,10,12.808055078908808,3.5810337332278532,0.1601006884863601,0.21157249742191958
random,0.6,0,test,acceleration,m/s^2,9,72,8,19.175396810920745,12.126050434780229,0.2663249557072326,0.4103868506052861
random,0.6,0,test,acceleration,m/s^2,10,30,3,19.880323015949177,15.79981560632801,0.6626774338649726,0.7257138004826239
random,0.6,0,test,uplift,m,1,10086,10086,0.01830279515272723,5.221688093819669e-08,1.814673324680471e-06,2.275338321941972e-06
random,0.6,0,test,uplift,m,2,8042,4021,0.029643105001291782,1.7094649372455147e-07,3.686036433883584e-06,4.610500403127726e-06
random,0.6,0,test,uplift,m,3,4851,1617,0.029619454854970376,2.930576658903408e-07,6.105845156662621e-06,7.772503133872424e-06
random,0.6,0,test,uplift,m,4,2636,659,0.023933909445108488,3.5309378531504783e-07,9.079631807704283e-06,1.1573703011972894e-05
random,0.6,0,test,uplift,m,5,1195,239,0.015736301580169663,3.272864746493871e-07,1.3168453205162899e-05,1.65493170585402e-05
random,0.6,0,test,uplift,m,6,660,110,0.012655901800327947,4.186218306557793e-07,1.9175608788375677e-05,2.5184826800945147e-05
random,0.6,0,test,uplift,m,7,350,50,0.0067436342074978575,2.188827597275974e-07,1.9267526307136734e-05,2.5007585119467675e-05
random,0.6,0,test,uplift,m,8,80,10,0.0014004179905653391,4.4256559778323526e-08,1.750522488206674e-05,2.3520352829603643e-05
random,0.6,0,test,uplift,m,9,72,8,0.0017451993476338967,7.058640773483862e-08,2.4238879828248567e-05,3.13108092213373e-05
random,0.6,0,test,uplift,m,10,30,3,0.0016461786967081338,1.5291261838314691e-07,5.487262322360446e-05,7.139388824989314e-05
random,0.6,0,train,acceleration,m/s^2,1,21849,21849,372.96337233865245,12.143809089344256,0.01707004312960101,0.023575541853962042
random,0.6,0,train,acceleration,m/s^2,2,17238,8619,576.2275743015531,35.7100726215573,0.033427751148715226,0.045514725570282154
random,0.6,0,train,acceleration,m/s^2,3,10356,3452,606.602543407744,68.06062373899314,0.058574984879079174,0.08106846344095106
random,0.6,0,train,acceleration,m/s^2,4,5444,1361,474.63481363302213,83.25580907810884,0.08718494005015101,0.1236654022715191
random,0.6,0,train,acceleration,m/s^2,5,2885,577,326.21506171078596,73.83907181396509,0.11307281168484783,0.1599816625258302
random,0.6,0,train,acceleration,m/s^2,6,1422,237,210.05606224427652,64.36914231255491,0.14771874982016633,0.21275954995920424
random,0.6,0,train,acceleration,m/s^2,7,686,98,149.01084107992756,70.70758563748635,0.21721696950426758,0.3210487225802156
random,0.6,0,train,acceleration,m/s^2,8,296,37,101.54724588365785,66.83696321645199,0.3430650198772225,0.47518475502369856
random,0.6,0,train,acceleration,m/s^2,9,162,18,76.7595534433983,71.25192587025089,0.4738244039715945,0.6631943176044132
random,0.6,0,train,acceleration,m/s^2,10,40,4,15.793077511298442,7.908465684581609,0.39482693778246103,0.4446477730907243
random,0.6,0,train,acceleration,m/s^2,11,22,2,9.956632080294858,5.650279886675859,0.4525741854679481,0.5067848694858714
random,0.6,0,train,acceleration,m/s^2,12,24,2,3.4912475446767566,0.7094159878687369,0.14546864769486487,0.17192730875149156
random,0.6,0,train,uplift,m,1,21849,21849,0.04542588103749511,1.5484782173172775e-07,2.0790828430360707e-06,2.6621760245982432e-06
random,0.6,0,train,uplift,m,2,17238,8619,0.07120695159551753,4.763368098299306e-07,4.13081283185506e-06,5.256705339710185e-06
random,0.6,0,train,uplift,m,3,10356,3452,0.0733308884459759,8.636459634900755e-07,7.081005064308218e-06,9.13212511439008e-06
random,0.6,0,train,uplift,m,4,5444,1361,0.05839188189516234,1.0696528847901624e-06,1.0725915116671995e-05,1.4017235669349929e-05
random,0.6,0,train,uplift,m,5,2885,577,0.039950487859514064,9.60023284357204e-07,1.38476561038177e-05,1.824181195541464e-05
random,0.6,0,train,uplift,m,6,1422,237,0.025805078419208274,8.166725499081131e-07,1.814703123713662e-05,2.3964820529298484e-05
random,0.6,0,train,uplift,m,7,686,98,0.01807138223822618,8.023681863062842e-07,2.6343122796248073e-05,3.419989655897703e-05
random,0.6,0,train,uplift,m,8,296,37,0.012101642741786538,7.620189994126997e-07,4.0883928181711274e-05,5.073843229278365e-05
random,0.6,0,train,uplift,m,9,162,18,0.009043584709293971,8.644638079046143e-07,5.582459697095044e-05,7.304927340562815e-05
random,0.6,0,train,uplift,m,10,40,4,0.0020349460957515553,1.233716656900023e-07,5.087365239378888e-05,5.553639925535376e-05
random,0.6,0,train,uplift,m,11,22,2,0.0012505798874346136,9.84450647146303e-08,5.684454033793698e-05,6.689376405052142e-05
random,0.6,0,train,uplift,m,12,24,2,0.00041689887753316307,9.999334823255781e-09,1.7370786563881795e-05,2.0411735618731468e-05
random,0.6,0,validation,acceleration,m/s^2,1,11078,11078,173.1459678198583,4.566624190657002,0.015629713650465636,0.020303315160004286
random,0.6,0,validation,acceleration,m/s^2,2,8844,4422,278.5833119966313,14.702220189583404,0.031499696064748,0.04077247681216331
random,0.6,0,validation,acceleration,m/s^2,3,5364,1788,285.0548398034307,26.752966629776008,0.053142214728454644,0.07062225640870254
random,0.6,0,validation,acceleration,m/s^2,4,2900,725,226.00350263593276,31.62476957986847,0.07793224228825267,0.10442745308861714
random,0.6,0,validation,acceleration,m/s^2,5,1400,280,152.16726839390543,28.345129790310132,0.10869090599564674,0.1422902712021906
random,0.6,0,validation,acceleration,m/s^2,6,708,118,114.0759661407499,35.25307579228565,0.16112424596151115,0.22314228629420926
random,0.6,0,validation,acceleration,m/s^2,7,378,54,73.17297188837792,26.018965398575396,0.1935792907099945,0.2623608998977801
random,0.6,0,validation,acceleration,m/s^2,8,136,17,23.63718561073398,5.974105298503564,0.17380283537304397,0.20958827458123216
random,0.6,0,validation,acceleration,m/s^2,9,108,12,39.75890785332859,21.768240122410795,0.3681380356789684,0.4489518670316575
random,0.6,0,validation,acceleration,m/s^2,10,20,2,7.030017965181969,2.754955821226845,0.35150089825909847,0.3711438953577739
random,0.6,0,validation,acceleration,m/s^2,12,12,1,3.4701852594643343,1.1276193796982614,0.2891821049553612,0.3065424630316684
random,0.6,0,validation,uplift,m,1,11078,11078,0.020866336162863403,6.131672173000747e-08,1.8835833329900165e-06,2.35265791254828e-06
random,0.6,0,validation,uplift,m,2,8844,4422,0.03303903245346232,1.9130173519171433e-07,3.7357567224629486e-06,4.6508795021795636e-06
random,0.6,0,validation,uplift,m,3,5364,1788,0.03473661132001513,3.5465198350670936e-07,6.475878322150472e-06,8.131240602364448e-06
random,0.6,0,validation,uplift,m,4,2900,725,0.026727546425050472,4.060587174335736e-07,9.216395318982921e-06,1.1833015143693828e-05
random,0.6,0,validation,uplift,m,5,1400,280,0.018662994125231043,3.9945788089698374e-07,1.3330710089450745e-05,1.6891626854260067e-05
random,0.6,0,validation,uplift,m,6,708,118,0.013882971454285353,4.5360101833680547e-07,1.9608716743340893e-05,2.5311645628653152e-05
random,0.6,0,validation,uplift,m,7,378,54,0.009193375946886989,3.552236196138935e-07,2.4321100388589917e-05,3.065526097480791e-05
random,0.6,0,validation,uplift,m,8,136,17,0.003537632742302621,1.3312982928833257e-07,2.6012005458107508e-05,3.128731058417583e-05
random,0.6,0,validation,uplift,m,9,108,12,0.004404681672298044,2.425596827596116e-07,4.0784089558315226e-05,4.739116994245787e-05
random,0.6,0,validation,uplift,m,10,20,2,0.0014338644328848044,1.1430495880763858e-07,7.169322164424021e-05,7.5599258861327e-05
random,0.6,0,validation,uplift,m,12,12,1,0.0006251973469963007,3.660543173190451e-08,5.209977891635839e-05,5.5230902983070774e-05
random,0.8,0,all,acceleration,m/s^2,1,38073,38073,640.7058927130274,19.29050179948416,0.016828353234917853,0.022509363422596965
random,0.8,0,all,acceleration,m/s^2,2,15376,7688,521.5359195692744,31.55406306836711,0.03391882931642003,0.04530080916383244
random,0.8,0,all,acceleration,m/s^2,3,4644,1548,270.7029941664729,28.800476299270947,0.058290911749886494,0.078750574282897
random,0.8,0,all,acceleration,m/s^2,4,1172,293,91.85833724990252,12.864958212030986,0.07837742086169157,0.10477082991975496
random,0.8,0,all,acceleration,m/s^2,5,295,59,30.862026805580207,6.398798838974329,0.10461704001891596,0.14727811623573572
random,0.8,0,all,acceleration,m/s^2,6,108,18,19.759915012653693,7.037697452567286,0.18296217604308976,0.25527213968929113
random,0.8,0,all,acceleration,m/s^2,7,21,3,4.724492165704989,1.1973573186470763,0.22497581741452327,0.23878235942730422
random,0.8,0,all,uplift,m,1,38073,38073,0.07494961367812736,2.369826692271046e-07,1.96857651559182e-06,2.4948804735685334e-06
random,0.8,0,all,uplift,m,2,15376,7688,0.06096629664302739,3.878757712765823e-07,3.9650296984279e-06,5.022554302537916e-06
random,0.8,0,all,uplift,m,3,4644,1548,0.03154445925432528,3.508720629077062e-07,6.792519219277623e-06,8.692171561162826e-06
random,0.8,0,all,uplift,m,4,1172,293,0.010801402856143338,1.6638812341869346e-07,9.216214041077933e-06,1.1915090792037757e-05
random,0.8,0,all,uplift,m,5,295,59,0.0037916810626130587,7.878132372951249e-08,1.2853156144451046e-05,1.6341827764246983e-05
random,0.8,0,all,uplift,m,6,108,18,0.0025083491291147744,8.937522820304471e-08,2.3225454899210875e-05,2.8767141138588156e-05
random,0.8,0,all,uplift,m,7,21,3,0.0005311745165301404,1.5527894876276476e-08,2.5294024596673353e-05,2.7192343877219834e-05
random,0.8,0,test,acceleration,m/s^2,1,8982,8982,160.76123064142388,4.751651845777284,0.017898155270699607,0.02300042075500556
random,0.8,0,test,acceleration,m/s^2,2,3666,1833,132.45467446073556,7.910666054762571,0.03613057132044069,0.046452628712892595
random,0.8,0,test,acceleration,m/s^2,3,966,322,54.059747926472056,5.539116799351713,0.055962471973573555,0.07572367768173793
random,0.8,0,test,acceleration,m/s^2,4,276,69,23.1568777658122,3.5178143796342964,0.08390173103555146,0.11289687450960414
random,0.8,0,test,acceleration,m/s^2,5,75,15,8.636074691136422,1.6550795190620762,0.11514766254848562,0.14855210170451202
random,0.8,0,test,acceleration,m/s^2,6,36,6,5.642096109417399,1.2089850904340547,0.15672489192826108,0.18325643011562714
random,0.8,0,test,uplift,m,1,8982,8982,0.016515190500825,4.7688265072008155e-08,1.8386985638861054e-06,2.3041950326761047e-06
random,0.8,0,test,uplift,m,2,3666,1833,0.013625179279867547,7.973021798911235e-08,3.7166337370069685e-06,4.663535052898238e-06
random,0.8,0,test,uplift,m,3,966,322,0.005560248444883377,5.294621607285596e-08,5.755950771100804e-06,7.4033605536559225e-06
random,0.8,0,test,uplift,m,4,276,69,0.0022506348946947363,2.9573855915771984e-08,8.15447425614035e-06,1.0351408207038262e-05
random,0.8,0,test,uplift,m,5,75,15,0.0009162193687011072,1.6370019651263364e-08,1.2216258249348096e-05,1.477385964071378e-05
random,0.8,0,test,uplift,m,6,36,6,0.0005525861785425079,9.948437627548297e-09,1.534961607062522e-05,1.6623642490565036e-05
random,0.8,0,train,acceleration,m/s^2,1,19344,19344,328.6609175247089,10.54052924520335,0.01699032865615741,0.023343075087243953
random,0.8,0,train,acceleration,m/s^2,2,7720,3860,258.2743963793491,16.43053391723794,0.033455232691625536,0.046133583236433025
random,0.8,0,train,acceleration,m/s^2,3,2352,784,146.48058142949714,16.858311699138216,0.0622791587710447,0.08466197217137408
random,0.8,0,train,acceleration,m/s^2,4,600,150,47.57105290760203,6.799792388144179,0.07928508817933672,0.10645650432723043
random,0.8,0,train,acceleration,m/s^2,5,135,27,14.965661071488016,3.43331746344359,0.11085674867768901,0.15947407692378487
random,0.8,0,train,acceleration,m/s^2,6,48,8,12.547936154639267,5.675760891823335,0.2614153365549847,0.34386773413574706
random,0.8,0,train,acceleration,m/s^2,7,14,2,3.4138176273008503,0.9298625741764068,0.243844116235775,0.25771836430164374
random,0.8,0,train,uplift,m,1,19344,19344,0.040192927510576716,1.362053934527157e-07,2.077798155013271e-06,2.6535300537023035e-06
random,0.8,0,train,uplift,m,2,7720,3860,0.031894859241286114,2.157107645387626e-07,4.131458450943797e-06,5.286001218130588e-06
random,0.8,0,train,uplift,m,3,2352,784,0.017389989834137656,2.0839025872396323e-07,7.393703160772813e-06,9.41282638094826e-06
random,0.8,0,train,uplift,m,4,600,150,0.005994727418560018,1.0078476351296598e-07,9.991212364266696e-06,1.2960501759381976e-05
random,0.8,0,train,uplift,m,5,135,27,0.001834958738910937,4.276358133482956e-08,1.3592286954895829e-05,1.7797956881251443e-05
random,0.8,0,train,uplift,m,6,48,8,0.001593812706919849,7.107257199028427e-08,3.3204431394163524e-05,3.8479586576923124e-05
random,0.8,0,train,uplift,m,7,14,2,0.0002915450776968878,6.6258805512598706e-09,2.082464840692056e-05,2.1754934663952634e-05
random,0.8,0,validation,acceleration,m/s^2,1,9747,9747,151.28374454689464,3.9983207085035293,0.01552105720189747,0.020253651369909653
random,0.8,0,validation,acceleration,m/s^2,2,3990,1995,130.80684872918974,7.2128630963666005,0.03278367136069918,0.04251746831446257
random,0.8,0,validation,acceleration,m/s^2,3,1326,442,70.16266481050368,6.403047800781019,0.052913020219082715,0.06948988771979682
random,0.8,0,validation,acceleration,m/s^2,4,296,74,21.130406576488284,2.5473514442525116,0.07138650870435231,0.09276808201851336
random,0.8,0,validation,acceleration,m/s^2,5,85,17,7.26029104295577,1.3104018564686635,0.08541518874065612,0.12416316856879539
random,0.8,0,validation,acceleration,m/s^2,6,24,4,1.569882748597025,0.15295147030989703,0.06541178119154271,0.07983093341292612
random,0.8,0,validation,acceleration,m/s^2,7,7,1,1.3106745384041387,0.26749474447066945,0.18723921977201982,0.1954828251391445
random,0.8,0,validation,uplift,m,1,9747,9747,0.018241495666725643,5.3089010702380766e-08,1.8714984781702722e-06,2.3338171837598065e-06
random,0.8,0,validation,uplift,m,2,3990,1995,0.01544625812187373,9.243478874870737e-08,3.871242637061085e-06,4.813170859369169e-06
random,0.8,0,validation,uplift,m,3,1326,442,0.008594220975304247,8.953558811088704e-08,6.4813129527181345e-06,8.217242113807308e-06
random,0.8,0,validation,uplift,m,4,296,74,0.002556040542888584,3.602950398995547e-08,8.635272104353324e-06,1.1032737523541612e-05
random,0.8,0,validation,uplift,m,5,85,17,0.0010405029550010145,1.964772274341957e-08,1.2241211235306053e-05,1.5203607444759547e-05
random,0.8,0,validation,uplift,m,6,24,4,0.00036195024365241746,8.354218585212151e-09,1.5081260152184061e-05,1.865723562188424e-05
random,0.8,0,validation,uplift,m,7,7,1,0.0002396294388332526,8.902014325016606e-09,3.4232776976178946e-05,3.566113195266282e-05
