file,split,speed_kmh,pattern,retention,seed,source_row_first,source_row_last,retained_rows,longest_missing_run_samples,intervals,mean_m,std_m,min_m,max_m,median_m
V300_Case1_CutFre20.xls,train,300,random,1.0,0,1740,15660,13921,0,13920,0.08333333333332474,4.7786595053522305e-14,0.08333333333325754,0.08333333333337123,0.08333333333331439
V300_Case1_CutFre20.xls,train,300,random,0.8,0,1740,15660,11137,7,11136,0.10416666666665593,0.04713039725554688,0.08333333333325754,0.6666666666660603,0.08333333333337123
V300_Case1_CutFre20.xls,train,300,random,0.6,0,1740,15660,8353,12,8352,0.13888888888887457,0.08874509442068386,0.08333333333325754,1.083333333333826,0.08333333333337123
V300_Case1_CutFre20.xls,train,300,bursty,1.0,0,1740,15660,13921,0,13920,0.08333333333332474,4.7786595053522305e-14,0.08333333333325754,0.08333333333337123,0.08333333333331439
V300_Case1_CutFre20.xls,train,300,bursty,0.8,0,1740,15660,11137,8,11136,0.10416666666665593,0.11599509089227963,0.08333333333325754,0.7500000000003411,0.08333333333334281
V300_Case1_CutFre20.xls,train,300,bursty,0.6,0,1740,15660,8353,8,8352,0.13888888888887457,0.1842569327975043,0.08333333333325754,0.7500000000003411,0.08333333333334281
V300_Case2_CutFre20.xls,train,300,random,1.0,0,1566,14094,12529,0,12528,0.0833333333333338,4.3302362371027985e-14,0.08333333333325754,0.08333333333337123,0.08333333333334281
V300_Case2_CutFre20.xls,train,300,random,0.8,0,1566,14094,10023,5,10022,0.10417082418678965,0.04628256270754221,0.08333333333325754,0.5000000000000568,0.08333333333337123
V300_Case2_CutFre20.xls,train,300,random,0.6,0,1566,14094,7517,9,7516,0.13890367216604654,0.08759175362202375,0.08333333333325754,0.8333333333325754,0.08333333333337123
V300_Case2_CutFre20.xls,train,300,bursty,1.0,0,1566,14094,12529,0,12528,0.0833333333333338,4.3302362371027985e-14,0.08333333333325754,0.08333333333337123,0.08333333333334281
V300_Case2_CutFre20.xls,train,300,bursty,0.8,0,1566,14094,10023,8,10022,0.10417082418678965,0.1159704466821554,0.08333333333325754,0.7500000000003411,0.08333333333337123
V300_Case2_CutFre20.xls,train,300,bursty,0.6,0,1566,14094,7517,8,7516,0.13890367216604654,0.1842391020386359,0.08333333333325754,0.7500000000003411,0.08333333333337123
V300_Case3_CutFre20.xls,train,300,random,1.0,0,1914,17226,15313,0,15312,0.08333333333331733,4.9955337870151207e-14,0.08333333333325754,0.08333333333337123,0.08333333333331439
V300_Case3_CutFre20.xls,train,300,random,0.8,0,1914,17226,12250,6,12249,0.10417176912399011,0.04662884488932726,0.08333333333325754,0.5833333333335986,0.08333333333337123
V300_Case3_CutFre20.xls,train,300,random,0.6,0,1914,17226,9188,10,9187,0.1388919124850065,0.08742557463215195,0.08333333333325754,0.9166666666670835,0.08333333333337123
V300_Case3_CutFre20.xls,train,300,bursty,1.0,0,1914,17226,15313,0,15312,0.08333333333331733,4.9955337870151207e-14,0.08333333333325754,0.08333333333337123,0.08333333333331439
V300_Case3_CutFre20.xls,train,300,bursty,0.8,0,1914,17226,12250,8,12249,0.10417176912399011,0.11599173049392889,0.08333333333325754,0.7500000000003411,0.08333333333331439
V300_Case3_CutFre20.xls,train,300,bursty,0.6,0,1914,17226,9188,8,9187,0.1388919124850065,0.184230721012784,0.08333333333325754,0.7500000000003411,0.08333333333331439
V300_Case4_CutFre20.xls,train,300,random,1.0,0,1914,17226,15313,0,15312,0.08333333333331733,4.9955337870151207e-14,0.08333333333325754,0.08333333333337123,0.08333333333331439
V300_Case4_CutFre20.xls,train,300,random,0.8,0,1914,17226,12250,6,12249,0.10417176912399011,0.04634835433206695,0.08333333333325754,0.5833333333328028,0.08333333333337123
V300_Case4_CutFre20.xls,train,300,random,0.6,0,1914,17226,9188,10,9187,0.1388919124850065,0.0870616768775516,0.08333333333325754,0.9166666666670835,0.08333333333337123
V300_Case4_CutFre20.xls,train,300,bursty,1.0,0,1914,17226,15313,0,15312,0.08333333333331733,4.9955337870151207e-14,0.08333333333325754,0.08333333333337123,0.08333333333331439
V300_Case4_CutFre20.xls,train,300,bursty,0.8,0,1914,17226,12250,8,12249,0.10417176912399011,0.11599173049392995,0.08333333333325754,0.7500000000003411,0.08333333333331439
V300_Case4_CutFre20.xls,train,300,bursty,0.6,0,1914,17226,9188,8,9187,0.1388919124850065,0.18423072101277915,0.08333333333325754,0.7500000000003411,0.08333333333331439
V300_Case5_CutFre20.xls,validation,300,random,1.0,0,1914,17226,15313,0,15312,0.08333333333331733,4.9955337870151207e-14,0.08333333333325754,0.08333333333337123,0.08333333333331439
V300_Case5_CutFre20.xls,validation,300,random,0.8,0,1914,17226,12250,5,12249,0.10417176912399011,0.04685928813476063,0.08333333333325754,0.5000000000002274,0.08333333333337123
V300_Case5_CutFre20.xls,validation,300,random,0.6,0,1914,17226,9188,12,9187,0.1388919124850065,0.08743422040502699,0.08333333333325754,1.083333333333826,0.08333333333337123
V300_Case5_CutFre20.xls,validation,300,bursty,1.0,0,1914,17226,15313,0,15312,0.08333333333331733,4.9955337870151207e-14,0.08333333333325754,0.08333333333337123,0.08333333333331439
V300_Case5_CutFre20.xls,validation,300,bursty,0.8,0,1914,17226,12250,8,12249,0.10417176912399011,0.11599173049392975,0.08333333333325754,0.7500000000003411,0.08333333333331439
V300_Case5_CutFre20.xls,validation,300,bursty,0.6,0,1914,17226,9188,8,9187,0.1388919124850065,0.18423072101278584,0.08333333333325754,0.7500000000003411,0.08333333333331439
V300_Case6_CutFre20.xls,validation,300,random,1.0,0,1740,15660,13921,0,13920,0.08333333333332474,4.7786595053522305e-14,0.08333333333325754,0.08333333333337123,0.08333333333331439
V300_Case6_CutFre20.xls,validation,300,random,0.8,0,1740,15660,11137,5,11136,0.10416666666665593,0.04717007488058262,0.08333333333325754,0.5000000000002274,0.08333333333337123
V300_Case6_CutFre20.xls,validation,300,random,0.6,0,1740,15660,8353,10,8352,0.13888888888887455,0.08937062647265999,0.08333333333325754,0.9166666666670835,0.08333333333337123
V300_Case6_CutFre20.xls,validation,300,bursty,1.0,0,1740,15660,13921,0,13920,0.08333333333332474,4.7786595053522305e-14,0.08333333333325754,0.08333333333337123,0.08333333333331439
V300_Case6_CutFre20.xls,validation,300,bursty,0.8,0,1740,15660,11137,8,11136,0.10416666666665593,0.11599509089227966,0.08333333333325754,0.7500000000003411,0.08333333333334281
V300_Case6_CutFre20.xls,validation,300,bursty,0.6,0,1740,15660,8353,8,8352,0.13888888888887457,0.18425693279750419,0.08333333333325754,0.7500000000003411,0.08333333333334281
V300_Case7_CutFre20.xls,test,300,random,1.0,0,1566,14094,12529,0,12528,0.0833333333333338,4.3302362371027985e-14,0.08333333333325754,0.08333333333337123,0.08333333333334281
V300_Case7_CutFre20.xls,test,300,random,0.8,0,1566,14094,10023,6,10022,0.10417082418678965,0.04677401342758751,0.08333333333325754,0.5833333333332007,0.08333333333337123
V300_Case7_CutFre20.xls,test,300,random,0.6,0,1566,14094,7517,10,7516,0.13890367216604654,0.08761284792695194,0.08333333333325754,0.9166666666664582,0.08333333333337123
V300_Case7_CutFre20.xls,test,300,bursty,1.0,0,1566,14094,12529,0,12528,0.0833333333333338,4.3302362371027985e-14,0.08333333333325754,0.08333333333337123,0.08333333333334281
V300_Case7_CutFre20.xls,test,300,bursty,0.8,0,1566,14094,10023,8,10022,0.10417082418678965,0.11597044668215233,0.08333333333325754,0.7500000000003411,0.08333333333337123
V300_Case7_CutFre20.xls,test,300,bursty,0.6,0,1566,14094,7517,8,7516,0.13890367216604654,0.18423910203863453,0.08333333333325754,0.7500000000003411,0.08333333333337123
V300_Case8_CutFre20.xls,test,300,random,1.0,0,1740,15660,13921,0,13920,0.08333333333332474,4.7786595053522305e-14,0.08333333333325754,0.08333333333337123,0.08333333333331439
V300_Case8_CutFre20.xls,test,300,random,0.8,0,1740,15660,11137,6,11136,0.10416666666665593,0.04657136118507222,0.08333333333325754,0.5833333333335986,0.08333333333337123
V300_Case8_CutFre20.xls,test,300,random,0.6,0,1740,15660,8353,9,8352,0.13888888888887457,0.08723314229905182,0.08333333333325754,0.8333333333325754,0.08333333333337123
V300_Case8_CutFre20.xls,test,300,bursty,1.0,0,1740,15660,13921,0,13920,0.08333333333332474,4.7786595053522305e-14,0.08333333333325754,0.08333333333337123,0.08333333333331439
V300_Case8_CutFre20.xls,test,300,bursty,0.8,0,1740,15660,11137,8,11136,0.10416666666665593,0.11599509089228402,0.08333333333325754,0.7500000000003411,0.08333333333334281
V300_Case8_CutFre20.xls,test,300,bursty,0.6,0,1740,15660,8353,8,8352,0.13888888888887457,0.18425693279750144,0.08333333333325754,0.7500000000003411,0.08333333333334281
V350_Case1_CutFre20.xls,train,350,random,1.0,0,1491,13423,11933,0,11932,0.09722222222218724,2.5345544658380997e-14,0.0972222222221717,0.09722222222228538,0.0972222222221717
V350_Case1_CutFre20.xls,train,350,random,0.8,0,1491,13423,9546,5,9545,0.12153541703039687,0.054378474461996146,0.0972222222221717,0.5833333333333712,0.0972222222221717
V350_Case1_CutFre20.xls,train,350,random,0.6,0,1491,13423,7160,8,7159,0.16204156384343318,0.10358540160102137,0.0972222222221717,0.8749999999995453,0.09722222222222854
V350_Case1_CutFre20.xls,train,350,bursty,1.0,0,1491,13423,11933,0,11932,0.09722222222218724,2.5345544658380997e-14,0.0972222222221717,0.09722222222228538,0.0972222222221717
V350_Case1_CutFre20.xls,train,350,bursty,0.8,0,1491,13423,9546,8,9545,0.12153541703039687,0.135293300220001,0.0972222222221717,0.8750000000000568,0.0972222222221717
V350_Case1_CutFre20.xls,train,350,bursty,0.6,0,1491,13423,7160,8,7159,0.16204156384343318,0.2149271775665505,0.0972222222221717,0.8750000000000568,0.0972222222221717
V350_Case2_CutFre20.xls,train,350,random,1.0,0,1342,12080,10739,0,10738,0.09722222222219003,2.657738166071339e-14,0.0972222222221717,0.09722222222228538,0.0972222222221717
V350_Case2_CutFre20.xls,train,350,random,0.8,0,1342,12080,8591,7,8590,0.12153343681279122,0.05537678064697007,0.0972222222221717,0.7777777777778283,0.0972222222221717
V350_Case2_CutFre20.xls,train,350,random,0.6,0,1342,12080,6443,11,6442,0.16205715961221306,0.10365803860470357,0.0972222222221717,1.1666666666660603,0.09722222222222854
V350_Case2_CutFre20.xls,train,350,bursty,1.0,0,1342,12080,10739,0,10738,0.09722222222219003,2.657738166071339e-14,0.0972222222221717,0.09722222222228538,0.0972222222221717
V350_Case2_CutFre20.xls,train,350,bursty,0.8,0,1342,12080,8591,8,8590,0.12153343681279122,0.13527779351263325,0.0972222222221717,0.8750000000000568,0.0972222222221717
V350_Case2_CutFre20.xls,train,350,bursty,0.6,0,1342,12080,6443,8,6442,0.16205715961221306,0.2149967544387273,0.0972222222221717,0.8750000000000568,0.0972222222221717
V350_Case3_CutFre20.xls,train,350,random,1.0,0,1640,14765,13126,0,13125,0.09722222222218493,2.402986016503997e-14,0.0972222222221717,0.09722222222222854,0.0972222222221717
V350_Case3_CutFre20.xls,train,350,random,0.8,0,1640,14765,10501,5,10500,0.12152777777773116,0.054823005988311344,0.0972222222221717,0.5833333333330302,0.0972222222221717
V350_Case3_CutFre20.xls,train,350,random,0.6,0,1640,14765,7876,9,7875,0.1620370370369749,0.10496913126491063,0.0972222222221717,0.972222222221717,0.09722222222222854
V350_Case3_CutFre20.xls,train,350,bursty,1.0,0,1640,14765,13126,0,13125,0.09722222222218493,2.402986016503997e-14,0.0972222222221717,0.09722222222222854,0.0972222222221717
V350_Case3_CutFre20.xls,train,350,bursty,0.8,0,1640,14765,10501,8,10500,0.12152777777773116,0.1353043218690607,0.0972222222221717,0.8750000000000568,0.0972222222221717
V350_Case3_CutFre20.xls,train,350,bursty,0.6,0,1640,14765,7876,8,7875,0.1620370370369749,0.2149329177256235,0.0972222222221717,0.8750000000000568,0.0972222222221717
V350_Case4_CutFre20.xls,train,350,random,1.0,0,1640,14765,13126,0,13125,0.09722222222218493,2.402986016503997e-14,0.0972222222221717,0.09722222222222854,0.0972222222221717
V350_Case4_CutFre20.xls,train,350,random,0.8,0,1640,14765,10501,5,10500,0.12152777777773116,0.05317256101462226,0.0972222222221717,0.5833333333330302,0.0972222222221717
V350_Case4_CutFre20.xls,train,350,random,0.6,0,1640,14765,7876,10,7875,0.1620370370369749,0.10179964992214818,0.0972222222221717,1.0694444444438886,0.09722222222222854
V350_Case4_CutFre20.xls,train,350,bursty,1.0,0,1640,14765,13126,0,13125,0.09722222222218493,2.402986016503997e-14,0.0972222222221717,0.09722222222222854,0.0972222222221717
V350_Case4_CutFre20.xls,train,350,bursty,0.8,0,1640,14765,10501,8,10500,0.12152777777773116,0.1353043218690646,0.0972222222221717,0.8750000000000568,0.0972222222221717
V350_Case4_CutFre20.xls,train,350,bursty,0.6,0,1640,14765,7876,8,7875,0.1620370370369749,0.21493291772562606,0.0972222222221717,0.8750000000000568,0.0972222222221717
V350_Case5_CutFre20.xls,validation,350,random,1.0,0,1640,14765,13126,0,13125,0.09722222222218493,2.402986016503997e-14,0.0972222222221717,0.09722222222222854,0.0972222222221717
V350_Case5_CutFre20.xls,validation,350,random,0.8,0,1640,14765,10501,7,10500,0.12152777777773116,0.05487224453366442,0.0972222222221717,0.7777777777773736,0.0972222222221717
V350_Case5_CutFre20.xls,validation,350,random,0.6,0,1640,14765,7876,9,7875,0.1620370370369749,0.1037384201149588,0.0972222222221717,0.9722222222222854,0.09722222222222854
V350_Case5_CutFre20.xls,validation,350,bursty,1.0,0,1640,14765,13126,0,13125,0.09722222222218493,2.402986016503997e-14,0.0972222222221717,0.09722222222222854,0.0972222222221717
V350_Case5_CutFre20.xls,validation,350,bursty,0.8,0,1640,14765,10501,8,10500,0.12152777777773116,0.13530432186906338,0.0972222222221717,0.8750000000000568,0.0972222222221717
V350_Case5_CutFre20.xls,validation,350,bursty,0.6,0,1640,14765,7876,8,7875,0.1620370370369749,0.21493291772562373,0.0972222222221717,0.8750000000000568,0.0972222222221717
V350_Case6_CutFre20.xls,validation,350,random,1.0,0,1491,13423,11933,0,11932,0.09722222222218724,2.5345544658380997e-14,0.0972222222221717,0.09722222222228538,0.0972222222221717
V350_Case6_CutFre20.xls,validation,350,random,0.8,0,1491,13423,9546,6,9545,0.12153541703039687,0.05474147809976423,0.0972222222221717,0.6805555555552019,0.0972222222221717
V350_Case6_CutFre20.xls,validation,350,random,0.6,0,1491,13423,7160,10,7159,0.16204156384343318,0.1034578612472756,0.0972222222221717,1.0694444444438886,0.09722222222222854
V350_Case6_CutFre20.xls,validation,350,bursty,1.0,0,1491,13423,11933,0,11932,0.09722222222218724,2.5345544658380997e-14,0.0972222222221717,0.09722222222228538,0.0972222222221717
V350_Case6_CutFre20.xls,validation,350,bursty,0.8,0,1491,13423,9546,8,9545,0.12153541703039687,0.13529330021999678,0.0972222222221717,0.8750000000000568,0.0972222222221717
V350_Case6_CutFre20.xls,validation,350,bursty,0.6,0,1491,13423,7160,8,7159,0.16204156384343318,0.21492717756655147,0.0972222222221717,0.8750000000000568,0.0972222222221717
V350_Case7_CutFre20.xls,test,350,random,1.0,0,1342,12080,10739,0,10738,0.09722222222219003,2.657738166071339e-14,0.0972222222221717,0.09722222222228538,0.0972222222221717
V350_Case7_CutFre20.xls,test,350,random,0.8,0,1342,12080,8591,5,8590,0.12153343681279122,0.05359965559266477,0.0972222222221717,0.5833333333330302,0.0972222222221717
V350_Case7_CutFre20.xls,test,350,random,0.6,0,1342,12080,6443,9,6442,0.16205715961221306,0.10240483021775156,0.0972222222221717,0.972222222221717,0.09722222222222854
V350_Case7_CutFre20.xls,test,350,bursty,1.0,0,1342,12080,10739,0,10738,0.09722222222219003,2.657738166071339e-14,0.0972222222221717,0.09722222222228538,0.0972222222221717
V350_Case7_CutFre20.xls,test,350,bursty,0.8,0,1342,12080,8591,8,8590,0.12153343681279122,0.13527779351263267,0.0972222222221717,0.8750000000000568,0.0972222222221717
V350_Case7_CutFre20.xls,test,350,bursty,0.6,0,1342,12080,6443,8,6442,0.16205715961221306,0.21499675443873142,0.0972222222221717,0.8750000000000568,0.0972222222221717
V350_Case8_CutFre20.xls,test,350,random,1.0,0,1491,13423,11933,0,11932,0.09722222222218724,2.5345544658380997e-14,0.0972222222221717,0.09722222222228538,0.0972222222221717
V350_Case8_CutFre20.xls,test,350,random,0.8,0,1491,13423,9546,5,9545,0.12153541703039687,0.05401303125247438,0.0972222222221717,0.5833333333330302,0.0972222222221717
V350_Case8_CutFre20.xls,test,350,random,0.6,0,1491,13423,7160,9,7159,0.16204156384343318,0.10239314515479697,0.0972222222221717,0.972222222221717,0.09722222222222854
V350_Case8_CutFre20.xls,test,350,bursty,1.0,0,1491,13423,11933,0,11932,0.09722222222218724,2.5345544658380997e-14,0.0972222222221717,0.09722222222228538,0.0972222222221717
V350_Case8_CutFre20.xls,test,350,bursty,0.8,0,1491,13423,9546,8,9545,0.12153541703039687,0.13529330021999647,0.0972222222221717,0.8750000000000568,0.0972222222221717
V350_Case8_CutFre20.xls,test,350,bursty,0.6,0,1491,13423,7160,8,7159,0.16204156384343318,0.21492717756654842,0.0972222222221717,0.8750000000000568,0.0972222222221717
V380_Case1_CutFre20.xls,train,380,random,1.0,0,1373,12363,10991,0,10990,0.10555555555559562,2.5328351105803348e-14,0.10555555555555429,0.10555555555561114,0.10555555555561114
V380_Case1_CutFre20.xls,train,380,random,0.8,0,1373,12363,8793,6,8792,0.13194444444449452,0.058673515569190794,0.10555555555555429,0.73888888888888,0.10555555555561114
V380_Case1_CutFre20.xls,train,380,random,0.6,0,1373,12363,6595,10,6594,0.1759259259259927,0.1114827835961758,0.10555555555555429,1.1611111111117225,0.10555555555561114
V380_Case1_CutFre20.xls,train,380,bursty,1.0,0,1373,12363,10991,0,10990,0.10555555555559562,2.5328351105803348e-14,0.10555555555555429,0.10555555555561114,0.10555555555561114
V380_Case1_CutFre20.xls,train,380,bursty,0.8,0,1373,12363,8793,8,8792,0.13194444444449452,0.14687535440938845,0.10555555555555429,0.9500000000005002,0.10555555555561114
V380_Case1_CutFre20.xls,train,380,bursty,0.6,0,1373,12363,6595,8,6594,0.1759259259259927,0.23333418922190052,0.10555555555555429,0.9500000000005002,0.10555555555561114
V380_Case2_CutFre20.xls,train,380,random,1.0,0,1236,11127,9892,0,9891,0.10555555555559282,2.6564278596740116e-14,0.10555555555555429,0.10555555555561114,0.10555555555561114
V380_Case2_CutFre20.xls,train,380,random,0.8,0,1236,11127,7914,5,7913,0.13194110956658264,0.059063995426553946,0.10555555555555429,0.6333333333336668,0.10555555555561114
V380_Case2_CutFre20.xls,train,380,random,0.6,0,1236,11127,5935,9,5934,0.17594371418947902,0.11156025277837586,0.10555555555555429,1.0555555555561114,0.10555555555561114
V380_Case2_CutFre20.xls,train,380,bursty,1.0,0,1236,11127,9892,0,9891,0.10555555555559282,2.6564278596740116e-14,0.10555555555555429,0.10555555555561114,0.10555555555561114
V380_Case2_CutFre20.xls,train,380,bursty,0.8,0,1236,11127,7914,8,7913,0.13194110956658264,0.14686061528869768,0.10555555555555429,0.9500000000005002,0.10555555555561114
V380_Case2_CutFre20.xls,train,380,bursty,0.6,0,1236,11127,5935,8,5934,0.17594371418947902,0.2333585907711247,0.10555555555555429,0.9500000000005002,0.10555555555561114
V380_Case3_CutFre20.xls,train,380,random,1.0,0,1511,13599,12089,0,12088,0.10555555555559787,2.4051606644670644e-14,0.10555555555549745,0.10555555555561114,0.10555555555561114
V380_Case3_CutFre20.xls,train,380,random,0.8,0,1511,13599,9671,6,9670,0.13194990233258191,0.05878726295519389,0.10555555555549745,0.738888888889278,0.10555555555561114
V380_Case3_CutFre20.xls,train,380,random,0.6,0,1511,13599,7253,9,7252,0.17594533308826077,0.11194904178341555,0.10555555555549745,1.0555555555561114,0.10555555555561114
V380_Case3_CutFre20.xls,train,380,bursty,1.0,0,1511,13599,12089,0,12088,0.10555555555559787,2.4051606644670644e-14,0.10555555555549745,0.10555555555561114,0.10555555555561114
V380_Case3_CutFre20.xls,train,380,bursty,0.8,0,1511,13599,9671,8,9670,0.13194990233258191,0.14689476270097207,0.10555555555549745,0.9500000000005002,0.10555555555561114
V380_Case3_CutFre20.xls,train,380,bursty,0.6,0,1511,13599,7253,8,7252,0.17594533308826077,0.2333687069778876,0.10555555555549745,0.9500000000005002,0.10555555555561114
V380_Case4_CutFre20.xls,train,380,random,1.0,0,1511,13599,12089,0,12088,0.10555555555559787,2.4051606644670644e-14,0.10555555555549745,0.10555555555561114,0.10555555555561114
V380_Case4_CutFre20.xls,train,380,random,0.8,0,1511,13599,9671,5,9670,0.13194990233258191,0.0590219923875128,0.10555555555549745,0.6333333333336668,0.10555555555561114
V380_Case4_CutFre20.xls,train,380,random,0.6,0,1511,13599,7253,11,7252,0.17594533308826077,0.11139872498619958,0.10555555555549745,1.2666666666666515,0.10555555555561114
V380_Case4_CutFre20.xls,train,380,bursty,1.0,0,1511,13599,12089,0,12088,0.10555555555559787,2.4051606644670644e-14,0.10555555555549745,0.10555555555561114,0.10555555555561114
V380_Case4_CutFre20.xls,train,380,bursty,0.8,0,1511,13599,9671,8,9670,0.13194990233258191,0.14689476270096993,0.10555555555549745,0.9500000000005002,0.10555555555561114
V380_Case4_CutFre20.xls,train,380,bursty,0.6,0,1511,13599,7253,8,7252,0.17594533308826077,0.2333687069778807,0.10555555555555429,0.9500000000005002,0.10555555555561114
V380_Case5_CutFre20.xls,validation,380,random,1.0,0,1511,13599,12089,0,12088,0.10555555555559787,2.4051606644670644e-14,0.10555555555549745,0.10555555555561114,0.10555555555561114
V380_Case5_CutFre20.xls,validation,380,random,0.8,0,1511,13599,9671,6,9670,0.13194990233258191,0.05958543775812218,0.10555555555555429,0.73888888888888,0.10555555555561114
V380_Case5_CutFre20.xls,validation,380,random,0.6,0,1511,13599,7253,9,7252,0.17594533308826077,0.11054031972839576,0.10555555555555429,1.0555555555561114,0.10555555555561114
V380_Case5_CutFre20.xls,validation,380,bursty,1.0,0,1511,13599,12089,0,12088,0.10555555555559787,2.4051606644670644e-14,0.10555555555549745,0.10555555555561114,0.10555555555561114
V380_Case5_CutFre20.xls,validation,380,bursty,0.8,0,1511,13599,9671,8,9670,0.13194990233258191,0.14689476270097382,0.10555555555555429,0.9500000000005002,0.10555555555561114
V380_Case5_CutFre20.xls,validation,380,bursty,0.6,0,1511,13599,7253,8,7252,0.17594533308826077,0.2333687069778817,0.10555555555549745,0.9500000000005002,0.10555555555561114
V380_Case6_CutFre20.xls,validation,380,random,1.0,0,1373,12363,10991,0,10990,0.10555555555559562,2.5328351105803348e-14,0.10555555555555429,0.10555555555561114,0.10555555555561114
V380_Case6_CutFre20.xls,validation,380,random,0.8,0,1373,12363,8793,5,8792,0.13194444444449452,0.058975125494112476,0.10555555555555429,0.6333333333336668,0.10555555555561114
V380_Case6_CutFre20.xls,validation,380,random,0.6,0,1373,12363,6595,8,6594,0.1759259259259927,0.11164938311666159,0.10555555555555429,0.9500000000005002,0.10555555555561114
V380_Case6_CutFre20.xls,validation,380,bursty,1.0,0,1373,12363,10991,0,10990,0.10555555555559562,2.5328351105803348e-14,0.10555555555555429,0.10555555555561114,0.10555555555561114
V380_Case6_CutFre20.xls,validation,380,bursty,0.8,0,1373,12363,8793,8,8792,0.13194444444449452,0.14687535440938346,0.10555555555555429,0.9500000000005002,0.10555555555561114
V380_Case6_CutFre20.xls,validation,380,bursty,0.6,0,1373,12363,6595,8,6594,0.1759259259259927,0.23333418922189939,0.10555555555555429,0.9500000000005002,0.10555555555561114
V380_Case7_CutFre20.xls,test,380,random,1.0,0,1236,11127,9892,0,9891,0.10555555555559282,2.6564278596740116e-14,0.10555555555555429,0.10555555555561114,0.10555555555561114
V380_Case7_CutFre20.xls,test,380,random,0.8,0,1236,11127,7914,6,7913,0.13194110956658264,0.05896856009143627,0.10555555555555429,0.73888888888888,0.10555555555561114
V380_Case7_CutFre20.xls,test,380,random,0.6,0,1236,11127,5935,10,5934,0.17594371418947902,0.11377673272390657,0.10555555555555429,1.1611111111117225,0.10555555555561114
V380_Case7_CutFre20.xls,test,380,bursty,1.0,0,1236,11127,9892,0,9891,0.10555555555559282,2.6564278596740116e-14,0.10555555555555429,0.10555555555561114,0.10555555555561114
V380_Case7_CutFre20.xls,test,380,bursty,0.8,0,1236,11127,7914,8,7913,0.13194110956658264,0.14686061528869546,0.10555555555555429,0.9500000000005002,0.10555555555561114
V380_Case7_CutFre20.xls,test,380,bursty,0.6,0,1236,11127,5935,8,5934,0.17594371418947902,0.23335859077112367,0.10555555555555429,0.9500000000005002,0.10555555555561114
V380_Case8_CutFre20.xls,test,380,random,1.0,0,1373,12363,10991,0,10990,0.10555555555559562,2.5328351105803348e-14,0.10555555555555429,0.10555555555561114,0.10555555555561114
V380_Case8_CutFre20.xls,test,380,random,0.8,0,1373,12363,8793,6,8792,0.13194444444449452,0.058975125494112345,0.10555555555555429,0.738888888889278,0.10555555555561114
V380_Case8_CutFre20.xls,test,380,random,0.6,0,1373,12363,6595,9,6594,0.1759259259259927,0.10974131494160996,0.10555555555555429,1.0555555555561114,0.10555555555561114
V380_Case8_CutFre20.xls,test,380,bursty,1.0,0,1373,12363,10991,0,10990,0.10555555555559562,2.5328351105803348e-14,0.10555555555555429,0.10555555555561114,0.10555555555561114
V380_Case8_CutFre20.xls,test,380,bursty,0.8,0,1373,12363,8793,8,8792,0.13194444444449452,0.1468753544093848,0.10555555555555429,0.9500000000005002,0.10555555555561114
V380_Case8_CutFre20.xls,test,380,bursty,0.6,0,1373,12363,6595,8,6594,0.1759259259259927,0.2333341892219001,0.10555555555555429,0.9500000000005002,0.10555555555561114
