file,split,speed_kmh,case,cutoff,rows,distance_first_m,distance_last_m,raw_columns_exact,strictly_increasing,intervals,mean_m,std_m,min_m,max_m,median_m
V300_Case1_CutFre100.xls,train,300,1,100,17401,50.083333333333336,1500.083333333086,True,True,17400,0.08333333333331912,4.7579203218971804e-14,0.08333333333325754,0.08333333333337123,0.08333333333331439
V300_Case1_CutFre150.xls,train,300,1,150,17401,50.083333333333336,1500.083333333086,True,True,17400,0.08333333333331912,4.7579203218971804e-14,0.08333333333325754,0.08333333333337123,0.08333333333331439
V300_Case1_CutFre20.xls,train,300,1,20,17401,50.083333333333336,1500.083333333086,True,True,17400,0.08333333333331912,4.7579203218971804e-14,0.08333333333325754,0.08333333333337123,0.08333333333331439
V300_Case1_CutFre200.xls,train,300,1,200,17401,50.083333333333336,1500.083333333086,True,True,17400,0.08333333333331912,4.7579203218971804e-14,0.08333333333325754,0.08333333333337123,0.08333333333331439
V300_Case1_CutFre50.xls,train,300,1,50,17401,50.083333333333336,1500.083333333086,True,True,17400,0.08333333333331912,4.7579203218971804e-14,0.08333333333325754,0.08333333333337123,0.08333333333331439
V300_Case2_CutFre100.xls,train,300,2,100,15661,45.083333333333336,1350.0833333332228,True,True,15660,0.08333333333332628,4.5047406951403714e-14,0.08333333333325754,0.08333333333337123,0.0833333333333357
V300_Case2_CutFre150.xls,train,300,2,150,15661,45.083333333333336,1350.0833333332228,True,True,15660,0.08333333333332628,4.5047406951403714e-14,0.08333333333325754,0.08333333333337123,0.0833333333333357
V300_Case2_CutFre20.xls,train,300,2,20,15661,45.083333333333336,1350.0833333332228,True,True,15660,0.08333333333332628,4.5047406951403714e-14,0.08333333333325754,0.08333333333337123,0.0833333333333357
V300_Case2_CutFre200.xls,train,300,2,200,15661,45.083333333333336,1350.0833333332228,True,True,15660,0.08333333333332628,4.5047406951403714e-14,0.08333333333325754,0.08333333333337123,0.0833333333333357
V300_Case2_CutFre50.xls,train,300,2,50,15661,45.083333333333336,1350.0833333332228,True,True,15660,0.08333333333332628,4.5047406951403714e-14,0.08333333333325754,0.08333333333337123,0.0833333333333357
V300_Case3_CutFre100.xls,train,300,3,100,19141,55.083333333333336,1650.0833333329497,True,True,19140,0.08333333333331328,4.8782885236331695e-14,0.08333333333325754,0.08333333333337123,0.08333333333331439
V300_Case3_CutFre150.xls,train,300,3,150,19141,55.083333333333336,1650.0833333329497,True,True,19140,0.08333333333331328,4.8782885236331695e-14,0.08333333333325754,0.08333333333337123,0.08333333333331439
V300_Case3_CutFre20.xls,train,300,3,20,19141,55.083333333333336,1650.0833333329497,True,True,19140,0.08333333333331328,4.8782885236331695e-14,0.08333333333325754,0.08333333333337123,0.08333333333331439
V300_Case3_CutFre200.xls,train,300,3,200,19141,55.083333333333336,1650.0833333329497,True,True,19140,0.08333333333331328,4.8782885236331695e-14,0.08333333333325754,0.08333333333337123,0.08333333333331439
V300_Case3_CutFre50.xls,train,300,3,50,19141,55.083333333333336,1650.0833333329497,True,True,19140,0.08333333333331328,4.8782885236331695e-14,0.08333333333325754,0.08333333333337123,0.08333333333331439
V300_Case4_CutFre100.xls,train,300,4,100,19141,55.083333333333336,1650.0833333329497,True,True,19140,0.08333333333331328,4.8782885236331695e-14,0.08333333333325754,0.08333333333337123,0.08333333333331439
V300_Case4_CutFre150.xls,train,300,4,150,19141,55.083333333333336,1650.0833333329497,True,True,19140,0.08333333333331328,4.8782885236331695e-14,0.08333333333325754,0.08333333333337123,0.08333333333331439
V300_Case4_CutFre20.xls,train,300,4,20,19141,55.083333333333336,1650.0833333329497,True,True,19140,0.08333333333331328,4.8782885236331695e-14,0.08333333333325754,0.08333333333337123,0.08333333333331439
V300_Case4_CutFre200.xls,train,300,4,200,19141,55.083333333333336,1650.0833333329497,True,True,19140,0.08333333333331328,4.8782885236331695e-14,0.08333333333325754,0.08333333333337123,0.08333333333331439
V300_Case4_CutFre50.xls,train,300,4,50,19141,55.083333333333336,1650.0833333329497,True,True,19140,0.08333333333331328,4.8782885236331695e-14,0.08333333333325754,0.08333333333337123,0.08333333333331439
V300_Case5_CutFre100.xls,validation,300,5,100,19141,55.083333333333336,1650.0833333329497,True,True,19140,0.08333333333331328,4.8782885236331695e-14,0.08333333333325754,0.08333333333337123,0.08333333333331439
V300_Case5_CutFre150.xls,validation,300,5,150,19141,55.083333333333336,1650.0833333329497,True,True,19140,0.08333333333331328,4.8782885236331695e-14,0.08333333333325754,0.08333333333337123,0.08333333333331439
V300_Case5_CutFre20.xls,validation,300,5,20,19141,55.083333333333336,1650.0833333329497,True,True,19140,0.08333333333331328,4.8782885236331695e-14,0.08333333333325754,0.08333333333337123,0.08333333333331439
V300_Case5_CutFre200.xls,validation,300,5,200,19141,55.083333333333336,1650.0833333329497,True,True,19140,0.08333333333331328,4.8782885236331695e-14,0.08333333333325754,0.08333333333337123,0.08333333333331439
V300_Case5_CutFre50.xls,validation,300,5,50,19141,55.083333333333336,1650.0833333329497,True,True,19140,0.08333333333331328,4.8782885236331695e-14,0.08333333333325754,0.08333333333337123,0.08333333333331439
V300_Case6_CutFre100.xls,validation,300,6,100,17401,50.083333333333336,1500.083333333086,True,True,17400,0.08333333333331912,4.7579203218971804e-14,0.08333333333325754,0.08333333333337123,0.08333333333331439
V300_Case6_CutFre150.xls,validation,300,6,150,17401,50.083333333333336,1500.083333333086,True,True,17400,0.08333333333331912,4.7579203218971804e-14,0.08333333333325754,0.08333333333337123,0.08333333333331439
V300_Case6_CutFre20.xls,validation,300,6,20,17401,50.083333333333336,1500.083333333086,True,True,17400,0.08333333333331912,4.7579203218971804e-14,0.08333333333325754,0.08333333333337123,0.08333333333331439
V300_Case6_CutFre200.xls,validation,300,6,200,17401,50.083333333333336,1500.083333333086,True,True,17400,0.08333333333331912,4.7579203218971804e-14,0.08333333333325754,0.08333333333337123,0.08333333333331439
V300_Case6_CutFre50.xls,validation,300,6,50,17401,50.083333333333336,1500.083333333086,True,True,17400,0.08333333333331912,4.7579203218971804e-14,0.08333333333325754,0.08333333333337123,0.08333333333331439
V300_Case7_CutFre100.xls,test,300,7,100,15661,45.083333333333336,1350.0833333332228,True,True,15660,0.08333333333332628,4.5047406951403714e-14,0.08333333333325754,0.08333333333337123,0.0833333333333357
V300_Case7_CutFre150.xls,test,300,7,150,15661,45.083333333333336,1350.0833333332228,True,True,15660,0.08333333333332628,4.5047406951403714e-14,0.08333333333325754,0.08333333333337123,0.0833333333333357
V300_Case7_CutFre20.xls,test,300,7,20,15661,45.083333333333336,1350.0833333332228,True,True,15660,0.08333333333332628,4.5047406951403714e-14,0.08333333333325754,0.08333333333337123,0.0833333333333357
V300_Case7_CutFre200.xls,test,300,7,200,15661,45.083333333333336,1350.0833333332228,True,True,15660,0.08333333333332628,4.5047406951403714e-14,0.08333333333325754,0.08333333333337123,0.0833333333333357
V300_Case7_CutFre50.xls,test,300,7,50,15661,45.083333333333336,1350.0833333332228,True,True,15660,0.08333333333332628,4.5047406951403714e-14,0.08333333333325754,0.08333333333337123,0.0833333333333357
V300_Case8_CutFre100.xls,test,300,8,100,17401,50.083333333333336,1500.083333333086,True,True,17400,0.08333333333331912,4.7579203218971804e-14,0.08333333333325754,0.08333333333337123,0.08333333333331439
V300_Case8_CutFre150.xls,test,300,8,150,17401,50.083333333333336,1500.083333333086,True,True,17400,0.08333333333331912,4.7579203218971804e-14,0.08333333333325754,0.08333333333337123,0.08333333333331439
V300_Case8_CutFre20.xls,test,300,8,20,17401,50.083333333333336,1500.083333333086,True,True,17400,0.08333333333331912,4.7579203218971804e-14,0.08333333333325754,0.08333333333337123,0.08333333333331439
V300_Case8_CutFre200.xls,test,300,8,200,17401,50.083333333333336,1500.083333333086,True,True,17400,0.08333333333331912,4.7579203218971804e-14,0.08333333333325754,0.08333333333337123,0.08333333333331439
V300_Case8_CutFre50.xls,test,300,8,50,17401,50.083333333333336,1500.083333333086,True,True,17400,0.08333333333331912,4.7579203218971804e-14,0.08333333333325754,0.08333333333337123,0.08333333333331439
V350_Case1_CutFre100.xls,train,350,1,100,14915,50.09722222222222,1500.06944444396,True,True,14914,0.09722222222218975,2.640481957210906e-14,0.0972222222221717,0.09722222222228538,0.0972222222221717
V350_Case1_CutFre150.xls,train,350,1,150,14915,50.09722222222222,1500.06944444396,True,True,14914,0.09722222222218975,2.640481957210906e-14,0.0972222222221717,0.09722222222228538,0.0972222222221717
V350_Case1_CutFre20.xls,train,350,1,20,14915,50.09722222222222,1500.06944444396,True,True,14914,0.09722222222218975,2.640481957210906e-14,0.0972222222221717,0.09722222222228538,0.0972222222221717
V350_Case1_CutFre200.xls,train,350,1,200,14915,50.09722222222222,1500.06944444396,True,True,14914,0.09722222222218975,2.640481957210906e-14,0.0972222222221717,0.09722222222228538,0.0972222222221717
V350_Case1_CutFre50.xls,train,350,1,50,14915,50.09722222222222,1500.06944444396,True,True,14914,0.09722222222218975,2.640481957210906e-14,0.0972222222221717,0.09722222222228538,0.0972222222221717
V350_Case2_CutFre100.xls,train,350,2,100,13423,45.09722222222222,1350.0138888884824,True,True,13422,0.09722222222219191,2.7131919550738374e-14,0.0972222222221717,0.09722222222228538,0.0972222222221717
V350_Case2_CutFre150.xls,train,350,2,150,13423,45.09722222222222,1350.0138888884824,True,True,13422,0.09722222222219191,2.7131919550738374e-14,0.0972222222221717,0.09722222222228538,0.0972222222221717
V350_Case2_CutFre20.xls,train,350,2,20,13423,45.09722222222222,1350.0138888884824,True,True,13422,0.09722222222219191,2.7131919550738374e-14,0.0972222222221717,0.09722222222228538,0.0972222222221717
V350_Case2_CutFre200.xls,train,350,2,200,13423,45.09722222222222,1350.0138888884824,True,True,13422,0.09722222222219191,2.7131919550738374e-14,0.0972222222221717,0.09722222222228538,0.0972222222221717
V350_Case2_CutFre50.xls,train,350,2,50,13423,45.09722222222222,1350.0138888884824,True,True,13422,0.09722222222219191,2.7131919550738374e-14,0.0972222222221717,0.09722222222228538,0.0972222222221717
V350_Case3_CutFre100.xls,train,350,3,100,16406,55.09722222222222,1650.0277777772153,True,True,16405,0.09722222222218793,2.564005054676057e-14,0.0972222222221717,0.09722222222222854,0.0972222222221717
V350_Case3_CutFre150.xls,train,350,3,150,16406,55.09722222222222,1650.0277777772153,True,True,16405,0.09722222222218793,2.564005054676057e-14,0.0972222222221717,0.09722222222222854,0.0972222222221717
V350_Case3_CutFre20.xls,train,350,3,20,16406,55.09722222222222,1650.0277777772153,True,True,16405,0.09722222222218793,2.564005054676057e-14,0.0972222222221717,0.09722222222222854,0.0972222222221717
V350_Case3_CutFre200.xls,train,350,3,200,16406,55.09722222222222,1650.0277777772153,True,True,16405,0.09722222222218793,2.564005054676057e-14,0.0972222222221717,0.09722222222222854,0.0972222222221717
V350_Case3_CutFre50.xls,train,350,3,50,16406,55.09722222222222,1650.0277777772153,True,True,16405,0.09722222222218793,2.564005054676057e-14,0.0972222222221717,0.09722222222222854,0.0972222222221717
V350_Case4_CutFre100.xls,train,350,4,100,16406,55.09722222222222,1650.0277777772153,True,True,16405,0.09722222222218793,2.564005054676057e-14,0.0972222222221717,0.09722222222222854,0.0972222222221717
V350_Case4_CutFre150.xls,train,350,4,150,16406,55.09722222222222,1650.0277777772153,True,True,16405,0.09722222222218793,2.564005054676057e-14,0.0972222222221717,0.09722222222222854,0.0972222222221717
V350_Case4_CutFre20.xls,train,350,4,20,16406,55.09722222222222,1650.0277777772153,True,True,16405,0.09722222222218793,2.564005054676057e-14,0.0972222222221717,0.09722222222222854,0.0972222222221717
V350_Case4_CutFre200.xls,train,350,4,200,16406,55.09722222222222,1650.0277777772153,True,True,16405,0.09722222222218793,2.564005054676057e-14,0.0972222222221717,0.09722222222222854,0.0972222222221717
V350_Case4_CutFre50.xls,train,350,4,50,16406,55.09722222222222,1650.0277777772153,True,True,16405,0.09722222222218793,2.564005054676057e-14,0.0972222222221717,0.09722222222222854,0.0972222222221717
V350_Case5_CutFre100.xls,validation,350,5,100,16406,55.09722222222222,1650.0277777772153,True,True,16405,0.09722222222218793,2.564005054676057e-14,0.0972222222221717,0.09722222222222854,0.0972222222221717
V350_Case5_CutFre150.xls,validation,350,5,150,16406,55.09722222222222,1650.0277777772153,True,True,16405,0.09722222222218793,2.564005054676057e-14,0.0972222222221717,0.09722222222222854,0.0972222222221717
V350_Case5_CutFre20.xls,validation,350,5,20,16406,55.09722222222222,1650.0277777772153,True,True,16405,0.09722222222218793,2.564005054676057e-14,0.0972222222221717,0.09722222222222854,0.0972222222221717
V350_Case5_CutFre200.xls,validation,350,5,200,16406,55.09722222222222,1650.0277777772153,True,True,16405,0.09722222222218793,2.564005054676057e-14,0.0972222222221717,0.09722222222222854,0.0972222222221717
V350_Case5_CutFre50.xls,validation,350,5,50,16406,55.09722222222222,1650.0277777772153,True,True,16405,0.09722222222218793,2.564005054676057e-14,0.0972222222221717,0.09722222222222854,0.0972222222221717
V350_Case6_CutFre100.xls,validation,350,6,100,14915,50.09722222222222,1500.06944444396,True,True,14914,0.09722222222218975,2.640481957210906e-14,0.0972222222221717,0.09722222222228538,0.0972222222221717
V350_Case6_CutFre150.xls,validation,350,6,150,14915,50.09722222222222,1500.06944444396,True,True,14914,0.09722222222218975,2.640481957210906e-14,0.0972222222221717,0.09722222222228538,0.0972222222221717
V350_Case6_CutFre20.xls,validation,350,6,20,14915,50.09722222222222,1500.06944444396,True,True,14914,0.09722222222218975,2.640481957210906e-14,0.0972222222221717,0.09722222222228538,0.0972222222221717
V350_Case6_CutFre200.xls,validation,350,6,200,14915,50.09722222222222,1500.06944444396,True,True,14914,0.09722222222218975,2.640481957210906e-14,0.0972222222221717,0.09722222222228538,0.0972222222221717
V350_Case6_CutFre50.xls,validation,350,6,50,14915,50.09722222222222,1500.06944444396,True,True,14914,0.09722222222218975,2.640481957210906e-14,0.0972222222221717,0.09722222222228538,0.0972222222221717
V350_Case7_CutFre100.xls,test,350,7,100,13423,45.09722222222222,1350.0138888884824,True,True,13422,0.09722222222219191,2.7131919550738374e-14,0.0972222222221717,0.09722222222228538,0.0972222222221717
V350_Case7_CutFre150.xls,test,350,7,150,13423,45.09722222222222,1350.0138888884824,True,True,13422,0.09722222222219191,2.7131919550738374e-14,0.0972222222221717,0.09722222222228538,0.0972222222221717
V350_Case7_CutFre20.xls,test,350,7,20,13423,45.09722222222222,1350.0138888884824,True,True,13422,0.09722222222219191,2.7131919550738374e-14,0.0972222222221717,0.09722222222228538,0.0972222222221717
V350_Case7_CutFre200.xls,test,350,7,200,13423,45.09722222222222,1350.0138888884824,True,True,13422,0.09722222222219191,2.7131919550738374e-14,0.0972222222221717,0.09722222222228538,0.0972222222221717
V350_Case7_CutFre50.xls,test,350,7,50,13423,45.09722222222222,1350.0138888884824,True,True,13422,0.09722222222219191,2.7131919550738374e-14,0.0972222222221717,0.09722222222228538,0.0972222222221717
V350_Case8_CutFre100.xls,test,350,8,100,14915,50.09722222222222,1500.06944444396,True,True,14914,0.09722222222218975,2.640481957210906e-14,0.0972222222221717,0.09722222222228538,0.0972222222221717
V350_Case8_CutFre150.xls,test,350,8,150,14915,50.09722222222222,1500.06944444396,True,True,14914,0.09722222222218975,2.640481957210906e-14,0.0972222222221717,0.09722222222228538,0.0972222222221717
V350_Case8_CutFre20.xls,test,350,8,20,14915,50.09722222222222,1500.06944444396,True,True,14914,0.09722222222218975,2.640481957210906e-14,0.0972222222221717,0.09722222222228538,0.0972222222221717
V350_Case8_CutFre200.xls,test,350,8,200,14915,50.09722222222222,1500.06944444396,True,True,14914,0.09722222222218975,2.640481957210906e-14,0.0972222222221717,0.09722222222228538,0.0972222222221717
V350_Case8_CutFre50.xls,test,350,8,50,14915,50.09722222222222,1500.06944444396,True,True,14914,0.09722222222218975,2.640481957210906e-14,0.0972222222221717,0.09722222222228538,0.0972222222221717
V380_Case1_CutFre100.xls,train,380,1,100,13737,50.105555555555554,1500.0166666671814,True,True,13736,0.10555555555559303,2.6483176163582117e-14,0.10555555555555429,0.10555555555561114,0.10555555555561114
V380_Case1_CutFre150.xls,train,380,1,150,13737,50.105555555555554,1500.0166666671814,True,True,13736,0.10555555555559303,2.6483176163582117e-14,0.10555555555555429,0.10555555555561114,0.10555555555561114
V380_Case1_CutFre20.xls,train,380,1,20,13737,50.105555555555554,1500.0166666671814,True,True,13736,0.10555555555559303,2.6483176163582117e-14,0.10555555555555429,0.10555555555561114,0.10555555555561114
V380_Case1_CutFre200.xls,train,380,1,200,13737,50.105555555555554,1500.0166666671814,True,True,13736,0.10555555555559303,2.6483176163582117e-14,0.10555555555555429,0.10555555555561114,0.10555555555561114
V380_Case1_CutFre50.xls,train,380,1,50,13737,50.105555555555554,1500.0166666671814,True,True,13736,0.10555555555559303,2.6483176163582117e-14,0.10555555555555429,0.10555555555561114,0.10555555555561114
V380_Case2_CutFre100.xls,train,380,2,100,12364,45.105555555555554,1350.0888888893246,True,True,12363,0.10555555555559079,2.7247399754260878e-14,0.10555555555555429,0.10555555555561114,0.10555555555561114
V380_Case2_CutFre150.xls,train,380,2,150,12364,45.105555555555554,1350.0888888893246,True,True,12363,0.10555555555559079,2.7247399754260878e-14,0.10555555555555429,0.10555555555561114,0.10555555555561114
V380_Case2_CutFre20.xls,train,380,2,20,12364,45.105555555555554,1350.0888888893246,True,True,12363,0.10555555555559079,2.7247399754260878e-14,0.10555555555555429,0.10555555555561114,0.10555555555561114
V380_Case2_CutFre200.xls,train,380,2,200,12364,45.105555555555554,1350.0888888893246,True,True,12363,0.10555555555559079,2.7247399754260878e-14,0.10555555555555429,0.10555555555561114,0.10555555555561114
V380_Case2_CutFre50.xls,train,380,2,50,12364,45.105555555555554,1350.0888888893246,True,True,12363,0.10555555555559079,2.7247399754260878e-14,0.10555555555555429,0.10555555555561114,0.10555555555561114
V380_Case3_CutFre100.xls,train,380,3,100,15111,55.105555555555554,1650.0500000005936,True,True,15110,0.10555555555559486,2.5712224068555902e-14,0.10555555555549745,0.10555555555561114,0.10555555555561114
V380_Case3_CutFre150.xls,train,380,3,150,15111,55.105555555555554,1650.0500000005936,True,True,15110,0.10555555555559486,2.5712224068555902e-14,0.10555555555549745,0.10555555555561114,0.10555555555561114
V380_Case3_CutFre20.xls,train,380,3,20,15111,55.105555555555554,1650.0500000005936,True,True,15110,0.10555555555559486,2.5712224068555902e-14,0.10555555555549745,0.10555555555561114,0.10555555555561114
V380_Case3_CutFre200.xls,train,380,3,200,15111,55.105555555555554,1650.0500000005936,True,True,15110,0.10555555555559486,2.5712224068555902e-14,0.10555555555549745,0.10555555555561114,0.10555555555561114
V380_Case3_CutFre50.xls,train,380,3,50,15111,55.105555555555554,1650.0500000005936,True,True,15110,0.10555555555559486,2.5712224068555902e-14,0.10555555555549745,0.10555555555561114,0.10555555555561114
V380_Case4_CutFre100.xls,train,380,4,100,15111,55.105555555555554,1650.0500000005936,True,True,15110,0.10555555555559486,2.5712224068555902e-14,0.10555555555549745,0.10555555555561114,0.10555555555561114
V380_Case4_CutFre150.xls,train,380,4,150,15111,55.105555555555554,1650.0500000005936,True,True,15110,0.10555555555559486,2.5712224068555902e-14,0.10555555555549745,0.10555555555561114,0.10555555555561114
V380_Case4_CutFre20.xls,train,380,4,20,15111,55.105555555555554,1650.0500000005936,True,True,15110,0.10555555555559486,2.5712224068555902e-14,0.10555555555549745,0.10555555555561114,0.10555555555561114
V380_Case4_CutFre200.xls,train,380,4,200,15111,55.105555555555554,1650.0500000005936,True,True,15110,0.10555555555559486,2.5712224068555902e-14,0.10555555555549745,0.10555555555561114,0.10555555555561114
V380_Case4_CutFre50.xls,train,380,4,50,15111,55.105555555555554,1650.0500000005936,True,True,15110,0.10555555555559486,2.5712224068555902e-14,0.10555555555549745,0.10555555555561114,0.10555555555561114
V380_Case5_CutFre100.xls,validation,380,5,100,15111,55.105555555555554,1650.0500000005936,True,True,15110,0.10555555555559486,2.5712224068555902e-14,0.10555555555549745,0.10555555555561114,0.10555555555561114
V380_Case5_CutFre150.xls,validation,380,5,150,15111,55.105555555555554,1650.0500000005936,True,True,15110,0.10555555555559486,2.5712224068555902e-14,0.10555555555549745,0.10555555555561114,0.10555555555561114
V380_Case5_CutFre20.xls,validation,380,5,20,15111,55.105555555555554,1650.0500000005936,True,True,15110,0.10555555555559486,2.5712224068555902e-14,0.10555555555549745,0.10555555555561114,0.10555555555561114
V380_Case5_CutFre200.xls,validation,380,5,200,15111,55.105555555555554,1650.0500000005936,True,True,15110,0.10555555555559486,2.5712224068555902e-14,0.10555555555549745,0.10555555555561114,0.10555555555561114
V380_Case5_CutFre50.xls,validation,380,5,50,15111,55.105555555555554,1650.0500000005936,True,True,15110,0.10555555555559486,2.5712224068555902e-14,0.10555555555549745,0.10555555555561114,0.10555555555561114
V380_Case6_CutFre100.xls,validation,380,6,100,13737,50.105555555555554,1500.0166666671814,True,True,13736,0.10555555555559303,2.6483176163582117e-14,0.10555555555555429,0.10555555555561114,0.10555555555561114
V380_Case6_CutFre150.xls,validation,380,6,150,13737,50.105555555555554,1500.0166666671814,True,True,13736,0.10555555555559303,2.6483176163582117e-14,0.10555555555555429,0.10555555555561114,0.10555555555561114
V380_Case6_CutFre20.xls,validation,380,6,20,13737,50.105555555555554,1500.0166666671814,True,True,13736,0.10555555555559303,2.6483176163582117e-14,0.10555555555555429,0.10555555555561114,0.10555555555561114
V380_Case6_CutFre200.xls,validation,380,6,200,13737,50.105555555555554,1500.0166666671814,True,True,13736,0.10555555555559303,2.6483176163582117e-14,0.10555555555555429,0.10555555555561114,0.10555555555561114
V380_Case6_CutFre50.xls,validation,380,6,50,13737,50.105555555555554,1500.0166666671814,True,True,13736,0.10555555555559303,2.6483176163582117e-14,0.10555555555555429,0.10555555555561114,0.10555555555561114
V380_Case7_CutFre100.xls,test,380,7,100,12364,45.105555555555554,1350.0888888893246,True,True,12363,0.10555555555559079,2.7247399754260878e-14,0.10555555555555429,0.10555555555561114,0.10555555555561114
V380_Case7_CutFre150.xls,test,380,7,150,12364,45.105555555555554,1350.0888888893246,True,True,12363,0.10555555555559079,2.7247399754260878e-14,0.10555555555555429,0.10555555555561114,0.10555555555561114
V380_Case7_CutFre20.xls,test,380,7,20,12364,45.105555555555554,1350.0888888893246,True,True,12363,0.10555555555559079,2.7247399754260878e-14,0.10555555555555429,0.10555555555561114,0.10555555555561114
V380_Case7_CutFre200.xls,test,380,7,200,12364,45.105555555555554,1350.0888888893246,True,True,12363,0.10555555555559079,2.7247399754260878e-14,0.10555555555555429,0.10555555555561114,0.10555555555561114
V380_Case7_CutFre50.xls,test,380,7,50,12364,45.105555555555554,1350.0888888893246,True,True,12363,0.10555555555559079,2.7247399754260878e-14,0.10555555555555429,0.10555555555561114,0.10555555555561114
V380_Case8_CutFre100.xls,test,380,8,100,13737,50.105555555555554,1500.0166666671814,True,True,13736,0.10555555555559303,2.6483176163582117e-14,0.10555555555555429,0.10555555555561114,0.10555555555561114
V380_Case8_CutFre150.xls,test,380,8,150,13737,50.105555555555554,1500.0166666671814,True,True,13736,0.10555555555559303,2.6483176163582117e-14,0.10555555555555429,0.10555555555561114,0.10555555555561114
V380_Case8_CutFre20.xls,test,380,8,20,13737,50.105555555555554,1500.0166666671814,True,True,13736,0.10555555555559303,2.6483176163582117e-14,0.10555555555555429,0.10555555555561114,0.10555555555561114
V380_Case8_CutFre200.xls,test,380,8,200,13737,50.105555555555554,1500.0166666671814,True,True,13736,0.10555555555559303,2.6483176163582117e-14,0.10555555555555429,0.10555555555561114,0.10555555555561114
V380_Case8_CutFre50.xls,test,380,8,50,13737,50.105555555555554,1500.0166666671814,True,True,13736,0.10555555555559303,2.6483176163582117e-14,0.10555555555555429,0.10555555555561114,0.10555555555561114
